"행정구역별","산업별",2021.1/2,2021.2/2,2022.1/2
"행정구역별","산업별",취업자 (천명),취업자 (천명),취업자 (천명)
"서울 종로구","계",73.1,77.8,78.3
"서울 종로구","농업, 임업 및 어업 (A)",0.2,0.3,0.2
"서울 종로구","광·제조업(B,C)",7.8,6.2,7.6
"서울 종로구","건설업 (F) ",3.9,4.0,3.5
"서울 종로구","도소매·음식숙박업(G,I)",16.8,19.2,20.4
"서울 종로구","전기·운수·통신·금융(D,H,J,K)",10.8,12.5,13.1
"서울 종로구","사업·개인·공공서비스 및 기타(E,L~U)",33.7,35.7,33.6
"서울 중구","계",65.4,67.1,69.4
"서울 중구","농업, 임업 및 어업 (A)",-,-,-
"서울 중구","광·제조업(B,C)",8.4,8.1,9.2
"서울 중구","건설업 (F) ",3.7,3.8,4.2
"서울 중구","도소매·음식숙박업(G,I)",20.0,19.7,21.6
"서울 중구","전기·운수·통신·금융(D,H,J,K)",8.3,9.6,9.3
"서울 중구","사업·개인·공공서비스 및 기타(E,L~U)",25.2,26.0,25.1
"서울 용산구","계",121.0,122.7,122.8
"서울 용산구","농업, 임업 및 어업 (A)",-,-,-
"서울 용산구","광·제조업(B,C)",10.8,10.5,10.0
"서울 용산구","건설업 (F) ",5.5,6.6,6.4
"서울 용산구","도소매·음식숙박업(G,I)",31.8,31.1,33.1
"서울 용산구","전기·운수·통신·금융(D,H,J,K)",19.3,19.8,21.4
"서울 용산구","사업·개인·공공서비스 및 기타(E,L~U)",53.6,54.7,51.9
"서울 성동구","계",147.1,146.7,150.1
"서울 성동구","농업, 임업 및 어업 (A)",0.1,0.1,0.2
"서울 성동구","광·제조업(B,C)",16.9,15.2,16.1
"서울 성동구","건설업 (F) ",7.0,6.6,6.7
"서울 성동구","도소매·음식숙박업(G,I)",35.4,34.7,34.2
"서울 성동구","전기·운수·통신·금융(D,H,J,K)",26.1,27.1,25.2
"서울 성동구","사업·개인·공공서비스 및 기타(E,L~U)",61.6,62.9,67.9
"서울 광진구","계",179.8,183.2,190.7
"서울 광진구","농업, 임업 및 어업 (A)",-,-,-
"서울 광진구","광·제조업(B,C)",16.7,16.5,18.0
"서울 광진구","건설업 (F) ",13.1,11.4,12.3
"서울 광진구","도소매·음식숙박업(G,I)",44.7,49.7,48.6
"서울 광진구","전기·운수·통신·금융(D,H,J,K)",28.5,30.5,31.0
"서울 광진구","사업·개인·공공서비스 및 기타(E,L~U)",77.0,75.1,80.8
"서울 동대문구","계",171.0,173.3,178.5
"서울 동대문구","농업, 임업 및 어업 (A)",-,-,0.1
"서울 동대문구","광·제조업(B,C)",15.5,16.6,16.1
"서울 동대문구","건설업 (F) ",13.0,10.1,10.1
"서울 동대문구","도소매·음식숙박업(G,I)",49.3,49.5,51.7
"서울 동대문구","전기·운수·통신·금융(D,H,J,K)",24.4,26.2,27.9
"서울 동대문구","사업·개인·공공서비스 및 기타(E,L~U)",68.7,70.8,72.6
"서울 중랑구","계",190.6,190.5,193.5
"서울 중랑구","농업, 임업 및 어업 (A)",-,-,-
"서울 중랑구","광·제조업(B,C)",20.2,19.7,22.0
"서울 중랑구","건설업 (F) ",13.4,13.6,13.9
"서울 중랑구","도소매·음식숙박업(G,I)",44.1,43.3,45.2
"서울 중랑구","전기·운수·통신·금융(D,H,J,K)",32.7,32.8,33.0
"서울 중랑구","사업·개인·공공서비스 및 기타(E,L~U)",80.2,81.2,79.3
"서울 성북구","계",204.3,206.8,211.0
"서울 성북구","농업, 임업 및 어업 (A)",0.2,-,0.2
"서울 성북구","광·제조업(B,C)",18.4,19.1,19.7
"서울 성북구","건설업 (F) ",14.3,12.2,12.6
"서울 성북구","도소매·음식숙박업(G,I)",50.0,50.6,49.5
"서울 성북구","전기·운수·통신·금융(D,H,J,K)",29.5,32.9,33.9
"서울 성북구","사업·개인·공공서비스 및 기타(E,L~U)",92.0,92.1,95.1
"서울 강북구","계",139.6,140.1,137.0
"서울 강북구","농업, 임업 및 어업 (A)",-,-,-
"서울 강북구","광·제조업(B,C)",11.6,11.5,10.9
"서울 강북구","건설업 (F) ",9.4,9.0,12.0
"서울 강북구","도소매·음식숙박업(G,I)",35.2,34.4,31.7
"서울 강북구","전기·운수·통신·금융(D,H,J,K)",22.6,22.3,22.7
"서울 강북구","사업·개인·공공서비스 및 기타(E,L~U)",60.8,62.9,59.7
"서울 도봉구","계",149.5,151.6,150.3
"서울 도봉구","농업, 임업 및 어업 (A)",-,0.3,0.2
"서울 도봉구","광·제조업(B,C)",13.8,13.3,12.1
"서울 도봉구","건설업 (F) ",11.1,12.7,11.6
"서울 도봉구","도소매·음식숙박업(G,I)",31.8,33.6,36.0
"서울 도봉구","전기·운수·통신·금융(D,H,J,K)",31.3,30.6,28.7
"서울 도봉구","사업·개인·공공서비스 및 기타(E,L~U)",61.6,61.0,61.7
"서울 노원구","계",241.7,242.2,242.2
"서울 노원구","농업, 임업 및 어업 (A)",-,-,-
"서울 노원구","광·제조업(B,C)",18.0,18.6,19.8
"서울 노원구","건설업 (F) ",11.4,11.6,11.1
"서울 노원구","도소매·음식숙박업(G,I)",50.1,48.3,50.6
"서울 노원구","전기·운수·통신·금융(D,H,J,K)",38.5,40.1,40.5
"서울 노원구","사업·개인·공공서비스 및 기타(E,L~U)",123.7,123.6,120.3
"서울 은평구","계",224.6,232.1,227.9
"서울 은평구","농업, 임업 및 어업 (A)",-,0.2,0.2
"서울 은평구","광·제조업(B,C)",12.6,12.4,12.6
"서울 은평구","건설업 (F) ",17.9,20.2,21.1
"서울 은평구","도소매·음식숙박업(G,I)",51.0,53.4,53.4
"서울 은평구","전기·운수·통신·금융(D,H,J,K)",42.3,40.5,41.3
"서울 은평구","사업·개인·공공서비스 및 기타(E,L~U)",100.8,105.6,99.4
"서울 서대문구","계",152.2,152.3,152.8
"서울 서대문구","농업, 임업 및 어업 (A)",-,-,-
"서울 서대문구","광·제조업(B,C)",10.1,9.1,10.4
"서울 서대문구","건설업 (F) ",8.6,9.0,10.6
"서울 서대문구","도소매·음식숙박업(G,I)",34.9,39.2,36.3
"서울 서대문구","전기·운수·통신·금융(D,H,J,K)",28.7,24.1,27.4
"서울 서대문구","사업·개인·공공서비스 및 기타(E,L~U)",69.9,71.1,68.0
"서울 마포구","계",195.6,199.5,201.6
"서울 마포구","농업, 임업 및 어업 (A)",0.3,0.3,-
"서울 마포구","광·제조업(B,C)",11.6,11.2,11.6
"서울 마포구","건설업 (F) ",8.9,8.8,8.1
"서울 마포구","도소매·음식숙박업(G,I)",42.6,41.9,41.0
"서울 마포구","전기·운수·통신·금융(D,H,J,K)",45.2,47.1,49.7
"서울 마포구","사업·개인·공공서비스 및 기타(E,L~U)",87.1,90.2,91.2
"서울 양천구","계",210.5,211.3,214.3
"서울 양천구","농업, 임업 및 어업 (A)",0.1,0.3,0.3
"서울 양천구","광·제조업(B,C)",18.3,17.1,14.5
"서울 양천구","건설업 (F) ",14.1,14.6,14.6
"서울 양천구","도소매·음식숙박업(G,I)",42.5,40.7,43.6
"서울 양천구","전기·운수·통신·금융(D,H,J,K)",43.4,41.7,44.2
"서울 양천구","사업·개인·공공서비스 및 기타(E,L~U)",92.0,96.8,97.1
"서울 강서구","계",288.1,292.9,297.9
"서울 강서구","농업, 임업 및 어업 (A)",0.6,0.2,0.2
"서울 강서구","광·제조업(B,C)",24.5,23.8,24.5
"서울 강서구","건설업 (F) ",18.8,19.8,20.5
"서울 강서구","도소매·음식숙박업(G,I)",60.7,61.4,60.6
"서울 강서구","전기·운수·통신·금융(D,H,J,K)",61.8,67.5,69.5
"서울 강서구","사업·개인·공공서비스 및 기타(E,L~U)",121.7,120.2,122.7
"서울 구로구","계",217.2,221.0,221.6
"서울 구로구","농업, 임업 및 어업 (A)",-,0.2,0.3
"서울 구로구","광·제조업(B,C)",26.1,25.1,24.1
"서울 구로구","건설업 (F) ",24.2,24.9,29.8
"서울 구로구","도소매·음식숙박업(G,I)",53.5,52.9,52.9
"서울 구로구","전기·운수·통신·금융(D,H,J,K)",31.2,33.7,32.9
"서울 구로구","사업·개인·공공서비스 및 기타(E,L~U)",82.2,84.0,81.6
"서울 금천구","계",129.2,130.1,133.1
"서울 금천구","농업, 임업 및 어업 (A)",0.3,0.2,0.4
"서울 금천구","광·제조업(B,C)",22.5,21.7,22.7
"서울 금천구","건설업 (F) ",14.8,14.6,17.2
"서울 금천구","도소매·음식숙박업(G,I)",29.9,27.4,28.2
"서울 금천구","전기·운수·통신·금융(D,H,J,K)",18.9,19.8,20.1
"서울 금천구","사업·개인·공공서비스 및 기타(E,L~U)",42.8,46.3,44.6
"서울 영등포구","계",206.9,214.4,219.3
"서울 영등포구","농업, 임업 및 어업 (A)",-,-,-
"서울 영등포구","광·제조업(B,C)",19.3,18.7,20.4
"서울 영등포구","건설업 (F) ",23.0,24.9,26.4
"서울 영등포구","도소매·음식숙박업(G,I)",47.6,47.0,47.0
"서울 영등포구","전기·운수·통신·금융(D,H,J,K)",38.7,41.5,43.6
"서울 영등포구","사업·개인·공공서비스 및 기타(E,L~U)",78.3,82.3,81.9
"서울 동작구","계",195.7,200.9,204.4
"서울 동작구","농업, 임업 및 어업 (A)",-,0.2,-
"서울 동작구","광·제조업(B,C)",16.7,13.8,13.3
"서울 동작구","건설업 (F) ",12.2,12.6,13.0
"서울 동작구","도소매·음식숙박업(G,I)",41.4,43.1,41.8
"서울 동작구","전기·운수·통신·금융(D,H,J,K)",37.2,42.8,46.5
"서울 동작구","사업·개인·공공서비스 및 기타(E,L~U)",88.2,88.3,89.8
"서울 관악구","계",249.8,256.2,268.7
"서울 관악구","농업, 임업 및 어업 (A)",-,-,-
"서울 관악구","광·제조업(B,C)",22.0,23.0,20.1
"서울 관악구","건설업 (F) ",20.0,19.4,20.4
"서울 관악구","도소매·음식숙박업(G,I)",52.5,57.2,57.4
"서울 관악구","전기·운수·통신·금융(D,H,J,K)",47.1,49.8,54.3
"서울 관악구","사업·개인·공공서비스 및 기타(E,L~U)",108.2,106.8,116.5
"서울 서초구","계",188.6,191.0,189.3
"서울 서초구","농업, 임업 및 어업 (A)",0.2,0.1,0.1
"서울 서초구","광·제조업(B,C)",18.9,18.4,15.8
"서울 서초구","건설업 (F) ",5.7,6.4,5.6
"서울 서초구","도소매·음식숙박업(G,I)",37.0,36.5,35.1
"서울 서초구","전기·운수·통신·금융(D,H,J,K)",35.2,37.9,37.7
"서울 서초구","사업·개인·공공서비스 및 기타(E,L~U)",91.7,91.7,94.9
"서울 강남구","계",250.0,257.0,255.6
"서울 강남구","농업, 임업 및 어업 (A)",-,-,-
"서울 강남구","광·제조업(B,C)",18.2,18.7,20.9
"서울 강남구","건설업 (F) ",9.9,7.8,6.1
"서울 강남구","도소매·음식숙박업(G,I)",50.2,50.4,52.9
"서울 강남구","전기·운수·통신·금융(D,H,J,K)",43.9,47.2,45.5
"서울 강남구","사업·개인·공공서비스 및 기타(E,L~U)",127.9,132.9,130.3
"서울 송파구","계",321.4,324.8,332.0
"서울 송파구","농업, 임업 및 어업 (A)",1.0,0.3,0.5
"서울 송파구","광·제조업(B,C)",28.4,27.5,23.9
"서울 송파구","건설업 (F) ",16.7,14.9,16.8
"서울 송파구","도소매·음식숙박업(G,I)",73.3,73.4,75.9
"서울 송파구","전기·운수·통신·금융(D,H,J,K)",53.3,54.5,55.6
"서울 송파구","사업·개인·공공서비스 및 기타(E,L~U)",148.8,154.3,159.2
"서울 강동구","계",234.3,234.5,235.8
"서울 강동구","농업, 임업 및 어업 (A)",0.6,0.3,0.3
"서울 강동구","광·제조업(B,C)",22.7,18.8,19.9
"서울 강동구","건설업 (F) ",19.6,18.8,19.6
"서울 강동구","도소매·음식숙박업(G,I)",58.3,52.9,51.0
"서울 강동구","전기·운수·통신·금융(D,H,J,K)",36.1,37.8,37.9
"서울 강동구","사업·개인·공공서비스 및 기타(E,L~U)",96.9,106.0,107.1
"부산 중구","계",19.2,20.8,21.3
"부산 중구","농업, 임업 및 어업 (A)",0.1,0.1,0.1
"부산 중구","광·제조업(B,C)",2.0,2.1,2.1
"부산 중구","건설업 (F) ",0.8,0.8,0.8
"부산 중구","도소매·음식숙박업(G,I)",6.2,6.3,6.2
"부산 중구","전기·운수·통신·금융(D,H,J,K)",2.6,2.7,3.8
"부산 중구","사업·개인·공공서비스 및 기타(E,L~U)",7.5,8.7,8.4
"부산 서구","계",46.8,48.9,47.8
"부산 서구","농업, 임업 및 어업 (A)",0.3,0.8,0.6
"부산 서구","광·제조업(B,C)",5.3,5.2,4.7
"부산 서구","건설업 (F) ",3.4,3.4,3.3
"부산 서구","도소매·음식숙박업(G,I)",12.4,12.9,12.8
"부산 서구","전기·운수·통신·금융(D,H,J,K)",6.2,6.4,6.7
"부산 서구","사업·개인·공공서비스 및 기타(E,L~U)",19.2,20.2,19.7
"부산 동구","계",38.4,40.0,40.3
"부산 동구","농업, 임업 및 어업 (A)",-,0.1,0.1
"부산 동구","광·제조업(B,C)",3.8,3.8,4.2
"부산 동구","건설업 (F) ",3.3,3.4,2.6
"부산 동구","도소매·음식숙박업(G,I)",9.7,9.8,10.5
"부산 동구","전기·운수·통신·금융(D,H,J,K)",4.9,5.0,4.5
"부산 동구","사업·개인·공공서비스 및 기타(E,L~U)",16.6,17.9,18.3
"부산 영도구","계",46.6,49.1,49.8
"부산 영도구","농업, 임업 및 어업 (A)",0.7,0.5,0.7
"부산 영도구","광·제조업(B,C)",7.7,7.2,7.6
"부산 영도구","건설업 (F) ",3.6,4.3,3.8
"부산 영도구","도소매·음식숙박업(G,I)",11.8,12.2,12.4
"부산 영도구","전기·운수·통신·금융(D,H,J,K)",4.6,5.1,5.1
"부산 영도구","사업·개인·공공서비스 및 기타(E,L~U)",18.3,19.7,20.2
"부산 부산진구","계",166.6,171.6,167.9
"부산 부산진구","농업, 임업 및 어업 (A)",-,0.2,0.2
"부산 부산진구","광·제조업(B,C)",22.1,21.2,19.4
"부산 부산진구","건설업 (F) ",9.8,14.8,15.3
"부산 부산진구","도소매·음식숙박업(G,I)",44.3,43.7,43.3
"부산 부산진구","전기·운수·통신·금융(D,H,J,K)",17.4,20.5,21.1
"부산 부산진구","사업·개인·공공서비스 및 기타(E,L~U)",73.0,71.2,68.7
"부산 동래구","계",118.4,121.9,123.0
"부산 동래구","농업, 임업 및 어업 (A)",0.2,0.2,0.1
"부산 동래구","광·제조업(B,C)",13.1,12.9,13.8
"부산 동래구","건설업 (F) ",9.8,11.1,10.3
"부산 동래구","도소매·음식숙박업(G,I)",29.4,29.4,29.5
"부산 동래구","전기·운수·통신·금융(D,H,J,K)",16.7,16.1,15.9
"부산 동래구","사업·개인·공공서비스 및 기타(E,L~U)",49.3,52.2,53.4
"부산 남구","계",117.3,118.5,124.1
"부산 남구","농업, 임업 및 어업 (A)",0.2,0.4,0.3
"부산 남구","광·제조업(B,C)",12.5,11.0,13.9
"부산 남구","건설업 (F) ",6.0,6.2,6.3
"부산 남구","도소매·음식숙박업(G,I)",30.2,30.5,30.4
"부산 남구","전기·운수·통신·금융(D,H,J,K)",20.7,22.4,22.7
"부산 남구","사업·개인·공공서비스 및 기타(E,L~U)",47.7,48.0,50.4
"부산 북구","계",123.6,128.1,128.6
"부산 북구","농업, 임업 및 어업 (A)",0.6,0.5,0.5
"부산 북구","광·제조업(B,C)",27.8,26.2,25.7
"부산 북구","건설업 (F) ",8.6,10.1,12.4
"부산 북구","도소매·음식숙박업(G,I)",22.0,24.0,25.5
"부산 북구","전기·운수·통신·금융(D,H,J,K)",15.2,16.6,16.5
"부산 북구","사업·개인·공공서비스 및 기타(E,L~U)",49.5,50.7,47.9
"부산 해운대구","계",173.0,178.5,179.1
"부산 해운대구","농업, 임업 및 어업 (A)",0.7,0.8,0.7
"부산 해운대구","광·제조업(B,C)",16.8,17.3,16.8
"부산 해운대구","건설업 (F) ",14.0,15.8,17.4
"부산 해운대구","도소매·음식숙박업(G,I)",44.8,42.1,43.5
"부산 해운대구","전기·운수·통신·금융(D,H,J,K)",24.0,24.0,23.0
"부산 해운대구","사업·개인·공공서비스 및 기타(E,L~U)",72.8,78.5,77.7
"부산 사하구","계",144.4,147.9,149.2
"부산 사하구","농업, 임업 및 어업 (A)",0.9,1.5,1.7
"부산 사하구","광·제조업(B,C)",36.0,34.0,33.6
"부산 사하구","건설업 (F) ",10.5,10.7,12.4
"부산 사하구","도소매·음식숙박업(G,I)",28.1,29.4,28.0
"부산 사하구","전기·운수·통신·금융(D,H,J,K)",20.2,18.4,19.6
"부산 사하구","사업·개인·공공서비스 및 기타(E,L~U)",48.6,53.9,54.0
"부산 금정구","계",104.3,109.7,106.6
"부산 금정구","농업, 임업 및 어업 (A)",0.7,0.4,0.3
"부산 금정구","광·제조업(B,C)",16.5,15.6,13.2
"부산 금정구","건설업 (F) ",9.7,9.1,7.2
"부산 금정구","도소매·음식숙박업(G,I)",21.5,25.1,23.9
"부산 금정구","전기·운수·통신·금융(D,H,J,K)",12.3,11.0,10.9
"부산 금정구","사업·개인·공공서비스 및 기타(E,L~U)",43.6,48.5,51.1
"부산 강서구","계",69.5,71.9,73.5
"부산 강서구","농업, 임업 및 어업 (A)",3.7,3.1,3.7
"부산 강서구","광·제조업(B,C)",22.8,23.5,24.2
"부산 강서구","건설업 (F) ",3.3,3.4,2.9
"부산 강서구","도소매·음식숙박업(G,I)",12.6,12.7,13.4
"부산 강서구","전기·운수·통신·금융(D,H,J,K)",8.0,7.4,7.0
"부산 강서구","사업·개인·공공서비스 및 기타(E,L~U)",19.2,21.9,22.4
"부산 연제구","계",92.3,96.3,99.8
"부산 연제구","농업, 임업 및 어업 (A)",-,0.1,0.1
"부산 연제구","광·제조업(B,C)",6.7,8.2,8.8
"부산 연제구","건설업 (F) ",6.3,6.5,7.2
"부산 연제구","도소매·음식숙박업(G,I)",23.7,22.8,25.2
"부산 연제구","전기·운수·통신·금융(D,H,J,K)",13.7,14.5,14.5
"부산 연제구","사업·개인·공공서비스 및 기타(E,L~U)",41.9,44.3,44.0
"부산 수영구","계",79.2,83.6,85.9
"부산 수영구","농업, 임업 및 어업 (A)",0.1,0.3,0.2
"부산 수영구","광·제조업(B,C)",6.8,7.1,6.7
"부산 수영구","건설업 (F) ",6.1,6.6,6.4
"부산 수영구","도소매·음식숙박업(G,I)",21.5,22.2,22.9
"부산 수영구","전기·운수·통신·금융(D,H,J,K)",9.5,12.1,12.4
"부산 수영구","사업·개인·공공서비스 및 기타(E,L~U)",35.1,35.4,37.3
"부산 사상구","계",104.0,105.6,108.7
"부산 사상구","농업, 임업 및 어업 (A)",-,0.1,0.5
"부산 사상구","광·제조업(B,C)",26.7,26.4,26.1
"부산 사상구","건설업 (F) ",8.1,6.5,8.6
"부산 사상구","도소매·음식숙박업(G,I)",26.6,27.1,27.8
"부산 사상구","전기·운수·통신·금융(D,H,J,K)",9.7,10.1,10.9
"부산 사상구","사업·개인·공공서비스 및 기타(E,L~U)",32.9,35.4,34.8
"부산 기장군","계",81.8,83.1,81.4
"부산 기장군","농업, 임업 및 어업 (A)",2.0,1.9,2.4
"부산 기장군","광·제조업(B,C)",10.8,11.2,10.4
"부산 기장군","건설업 (F) ",7.2,7.4,8.1
"부산 기장군","도소매·음식숙박업(G,I)",21.2,20.4,19.8
"부산 기장군","전기·운수·통신·금융(D,H,J,K)",10.0,9.4,10.0
"부산 기장군","사업·개인·공공서비스 및 기타(E,L~U)",30.6,32.9,30.8
"대구 중구","계",36.5,36.7,37.6
"대구 중구","농업, 임업 및 어업 (A)",0.1,0.1,0.1
"대구 중구","광·제조업(B,C)",5.3,5.3,5.8
"대구 중구","건설업 (F) ",2.3,1.9,1.7
"대구 중구","도소매·음식숙박업(G,I)",10.0,9.9,10.2
"대구 중구","전기·운수·통신·금융(D,H,J,K)",3.1,2.9,3.4
"대구 중구","사업·개인·공공서비스 및 기타(E,L~U)",15.7,16.6,16.3
"대구 동구","계",155.1,160.7,164.8
"대구 동구","농업, 임업 및 어업 (A)",3.3,1.7,1.5
"대구 동구","광·제조업(B,C)",21.9,21.4,21.5
"대구 동구","건설업 (F) ",13.4,14.4,13.7
"대구 동구","도소매·음식숙박업(G,I)",35.0,38.6,44.2
"대구 동구","전기·운수·통신·금융(D,H,J,K)",16.3,15.8,16.1
"대구 동구","사업·개인·공공서비스 및 기타(E,L~U)",65.4,68.7,67.7
"대구 서구","계",77.6,79.2,78.4
"대구 서구","농업, 임업 및 어업 (A)",0.9,0.7,0.5
"대구 서구","광·제조업(B,C)",18.7,20.0,19.0
"대구 서구","건설업 (F) ",7.9,8.1,10.3
"대구 서구","도소매·음식숙박업(G,I)",16.3,15.8,15.6
"대구 서구","전기·운수·통신·금융(D,H,J,K)",6.8,6.7,5.4
"대구 서구","사업·개인·공공서비스 및 기타(E,L~U)",26.9,27.9,27.6
"대구 남구","계",65.0,68.0,66.6
"대구 남구","농업, 임업 및 어업 (A)",0.7,0.5,0.7
"대구 남구","광·제조업(B,C)",7.7,7.5,7.8
"대구 남구","건설업 (F) ",5.8,6.0,5.6
"대구 남구","도소매·음식숙박업(G,I)",17.0,17.2,17.6
"대구 남구","전기·운수·통신·금융(D,H,J,K)",4.9,4.1,4.4
"대구 남구","사업·개인·공공서비스 및 기타(E,L~U)",28.9,32.8,30.5
"대구 북구","계",204.2,212.6,214.4
"대구 북구","농업, 임업 및 어업 (A)",0.7,0.5,1.1
"대구 북구","광·제조업(B,C)",41.8,41.4,40.1
"대구 북구","건설업 (F) ",16.3,15.4,17.3
"대구 북구","도소매·음식숙박업(G,I)",50.9,52.5,55.2
"대구 북구","전기·운수·통신·금융(D,H,J,K)",18.1,19.7,18.3
"대구 북구","사업·개인·공공서비스 및 기타(E,L~U)",76.4,83.2,82.4
"대구 수성구","계",185.9,185.6,185.2
"대구 수성구","농업, 임업 및 어업 (A)",1.6,1.3,1.1
"대구 수성구","광·제조업(B,C)",18.3,19.2,18.1
"대구 수성구","건설업 (F) ",12.2,10.8,11.8
"대구 수성구","도소매·음식숙박업(G,I)",40.7,41.6,42.7
"대구 수성구","전기·운수·통신·금융(D,H,J,K)",21.1,20.1,19.3
"대구 수성구","사업·개인·공공서비스 및 기타(E,L~U)",91.9,92.5,92.2
"대구 달서구","계",267.8,267.7,268.9
"대구 달서구","농업, 임업 및 어업 (A)",2.2,1.9,2.2
"대구 달서구","광·제조업(B,C)",65.5,63.2,66.3
"대구 달서구","건설업 (F) ",20.0,21.1,21.3
"대구 달서구","도소매·음식숙박업(G,I)",48.7,47.6,47.7
"대구 달서구","전기·운수·통신·금융(D,H,J,K)",25.0,26.3,26.1
"대구 달서구","사업·개인·공공서비스 및 기타(E,L~U)",106.4,107.6,105.2
"대구 달성군","계",131.7,139.3,138.5
"대구 달성군","농업, 임업 및 어업 (A)",9.9,10.8,10.6
"대구 달성군","광·제조업(B,C)",42.1,42.6,42.4
"대구 달성군","건설업 (F) ",8.0,9.0,9.8
"대구 달성군","도소매·음식숙박업(G,I)",19.5,21.2,18.6
"대구 달성군","전기·운수·통신·금융(D,H,J,K)",13.7,13.3,13.1
"대구 달성군","사업·개인·공공서비스 및 기타(E,L~U)",38.5,42.4,44.0
"인천 중구","계",71.3,73.3,75.0
"인천 중구","농업, 임업 및 어업 (A)",1.2,0.8,0.6
"인천 중구","광·제조업(B,C)",8.8,9.2,8.8
"인천 중구","건설업 (F) ",5.6,4.9,5.1
"인천 중구","도소매·음식숙박업(G,I)",13.5,13.3,15.5
"인천 중구","전기·운수·통신·금융(D,H,J,K)",13.4,14.5,16.2
"인천 중구","사업·개인·공공서비스 및 기타(E,L~U)",28.9,30.7,28.7
"인천 동구","계",31.1,31.7,30.8
"인천 동구","농업, 임업 및 어업 (A)",0.1,0.1,0.1
"인천 동구","광·제조업(B,C)",6.0,6.9,6.2
"인천 동구","건설업 (F) ",2.1,2.1,2.0
"인천 동구","도소매·음식숙박업(G,I)",7.2,7.1,7.0
"인천 동구","전기·운수·통신·금융(D,H,J,K)",4.0,3.9,4.0
"인천 동구","사업·개인·공공서비스 및 기타(E,L~U)",11.7,11.6,11.6
"인천 연수구","계",192.9,199.9,198.3
"인천 연수구","농업, 임업 및 어업 (A)",0.2,0.2,0.3
"인천 연수구","광·제조업(B,C)",40.8,43.7,44.3
"인천 연수구","건설업 (F) ",18.3,18.3,18.5
"인천 연수구","도소매·음식숙박업(G,I)",34.3,34.9,32.5
"인천 연수구","전기·운수·통신·금융(D,H,J,K)",24.0,25.0,25.5
"인천 연수구","사업·개인·공공서비스 및 기타(E,L~U)",75.4,77.8,77.2
"인천 남동구","계",256.7,262.5,261.8
"인천 남동구","농업, 임업 및 어업 (A)",0.8,0.7,0.4
"인천 남동구","광·제조업(B,C)",57.5,56.7,54.6
"인천 남동구","건설업 (F) ",19.3,21.5,21.1
"인천 남동구","도소매·음식숙박업(G,I)",47.7,49.3,49.0
"인천 남동구","전기·운수·통신·금융(D,H,J,K)",31.7,33.1,32.3
"인천 남동구","사업·개인·공공서비스 및 기타(E,L~U)",99.7,101.2,104.5
"인천 부평구","계",245.7,254.6,256.9
"인천 부평구","농업, 임업 및 어업 (A)",0.1,0.1,0.3
"인천 부평구","광·제조업(B,C)",42.3,44.2,44.4
"인천 부평구","건설업 (F) ",19.9,20.4,24.1
"인천 부평구","도소매·음식숙박업(G,I)",56.6,56.2,56.2
"인천 부평구","전기·운수·통신·금융(D,H,J,K)",33.8,37.7,37.7
"인천 부평구","사업·개인·공공서비스 및 기타(E,L~U)",92.9,95.9,94.3
"인천 계양구","계",151.3,152.4,154.7
"인천 계양구","농업, 임업 및 어업 (A)",0.5,0.3,0.4
"인천 계양구","광·제조업(B,C)",28.5,28.4,28.8
"인천 계양구","건설업 (F) ",14.0,14.0,13.2
"인천 계양구","도소매·음식숙박업(G,I)",30.4,30.0,31.2
"인천 계양구","전기·운수·통신·금융(D,H,J,K)",23.1,23.7,24.7
"인천 계양구","사업·개인·공공서비스 및 기타(E,L~U)",54.7,55.9,56.4
"인천 서구","계",280.0,286.0,302.6
"인천 서구","농업, 임업 및 어업 (A)",0.6,0.8,-
"인천 서구","광·제조업(B,C)",64.2,66.2,70.3
"인천 서구","건설업 (F) ",24.3,24.7,29.2
"인천 서구","도소매·음식숙박업(G,I)",50.8,47.6,50.1
"인천 서구","전기·운수·통신·금융(D,H,J,K)",43.9,44.4,43.7
"인천 서구","사업·개인·공공서비스 및 기타(E,L~U)",96.3,102.4,109.2
"인천 미추홀구","계",207.5,218.0,217.3
"인천 미추홀구","농업, 임업 및 어업 (A)",0.3,-,0.5
"인천 미추홀구","광·제조업(B,C)",35.5,38.3,38.3
"인천 미추홀구","건설업 (F) ",21.0,21.6,18.7
"인천 미추홀구","도소매·음식숙박업(G,I)",44.3,45.5,41.4
"인천 미추홀구","전기·운수·통신·금융(D,H,J,K)",28.2,30.8,30.7
"인천 미추홀구","사업·개인·공공서비스 및 기타(E,L~U)",78.1,81.8,87.7
"인천 강화군","계",38.3,39.4,38.7
"인천 강화군","농업, 임업 및 어업 (A)",12.5,13.1,12.5
"인천 강화군","광·제조업(B,C)",3.4,3.5,3.6
"인천 강화군","건설업 (F) ",2.4,2.7,2.8
"인천 강화군","도소매·음식숙박업(G,I)",5.7,5.3,5.5
"인천 강화군","전기·운수·통신·금융(D,H,J,K)",2.9,2.7,2.7
"인천 강화군","사업·개인·공공서비스 및 기타(E,L~U)",11.5,12.1,11.7
"인천 옹진군","계",11.9,12.1,12.3
"인천 옹진군","농업, 임업 및 어업 (A)",2.0,2.0,1.8
"인천 옹진군","광·제조업(B,C)",0.2,0.3,0.3
"인천 옹진군","건설업 (F) ",0.7,0.8,0.7
"인천 옹진군","도소매·음식숙박업(G,I)",2.3,2.3,2.5
"인천 옹진군","전기·운수·통신·금융(D,H,J,K)",1.0,1.1,1.2
"인천 옹진군","사업·개인·공공서비스 및 기타(E,L~U)",5.7,5.6,5.8
"광주 동구","계",54.0,54.1,56.5
"광주 동구","농업, 임업 및 어업 (A)",0.4,0.3,0.7
"광주 동구","광·제조업(B,C)",4.2,4.0,4.1
"광주 동구","건설업 (F) ",5.2,5.1,6.4
"광주 동구","도소매·음식숙박업(G,I)",12.2,12.4,12.6
"광주 동구","전기·운수·통신·금융(D,H,J,K)",4.9,5.4,5.7
"광주 동구","사업·개인·공공서비스 및 기타(E,L~U)",27.2,26.8,27.0
"광주 서구","계",153.8,153.4,153.9
"광주 서구","농업, 임업 및 어업 (A)",4.7,4.3,4.5
"광주 서구","광·제조업(B,C)",15.7,14.5,14.3
"광주 서구","건설업 (F) ",14.3,16.0,15.2
"광주 서구","도소매·음식숙박업(G,I)",33.6,30.5,29.6
"광주 서구","전기·운수·통신·금융(D,H,J,K)",17.8,16.7,17.2
"광주 서구","사업·개인·공공서비스 및 기타(E,L~U)",67.6,71.3,73.1
"광주 남구","계",106.9,106.2,108.9
"광주 남구","농업, 임업 및 어업 (A)",3.1,3.1,2.8
"광주 남구","광·제조업(B,C)",7.4,7.4,7.7
"광주 남구","건설업 (F) ",10.4,9.4,9.5
"광주 남구","도소매·음식숙박업(G,I)",23.0,22.0,24.3
"광주 남구","전기·운수·통신·금융(D,H,J,K)",9.8,8.8,9.1
"광주 남구","사업·개인·공공서비스 및 기타(E,L~U)",53.1,55.4,55.4
"광주 북구","계",211.1,212.9,216.0
"광주 북구","농업, 임업 및 어업 (A)",2.4,2.3,1.9
"광주 북구","광·제조업(B,C)",25.4,25.9,25.8
"광주 북구","건설업 (F) ",22.6,22.3,24.2
"광주 북구","도소매·음식숙박업(G,I)",46.5,44.4,45.3
"광주 북구","전기·운수·통신·금융(D,H,J,K)",21.6,21.7,25.0
"광주 북구","사업·개인·공공서비스 및 기타(E,L~U)",92.6,96.2,93.8
"광주 광산구","계",212.8,217.1,211.6
"광주 광산구","농업, 임업 및 어업 (A)",8.2,8.2,7.0
"광주 광산구","광·제조업(B,C)",52.0,53.1,52.4
"광주 광산구","건설업 (F) ",22.2,22.0,20.2
"광주 광산구","도소매·음식숙박업(G,I)",37.9,39.1,39.0
"광주 광산구","전기·운수·통신·금융(D,H,J,K)",21.9,24.3,23.9
"광주 광산구","사업·개인·공공서비스 및 기타(E,L~U)",70.7,70.4,69.2
"대전 동구","계",106.4,112.5,111.1
"대전 동구","농업, 임업 및 어업 (A)",1.7,2.3,1.8
"대전 동구","광·제조업(B,C)",13.1,14.3,14.1
"대전 동구","건설업 (F) ",11.3,11.5,11.6
"대전 동구","도소매·음식숙박업(G,I)",24.1,26.9,25.6
"대전 동구","전기·운수·통신·금융(D,H,J,K)",14.6,14.8,14.9
"대전 동구","사업·개인·공공서비스 및 기타(E,L~U)",41.6,42.8,42.9
"대전 중구","계",114.6,117.6,116.4
"대전 중구","농업, 임업 및 어업 (A)",2.7,2.6,3.0
"대전 중구","광·제조업(B,C)",10.0,9.4,9.8
"대전 중구","건설업 (F) ",10.8,10.7,11.5
"대전 중구","도소매·음식숙박업(G,I)",23.4,23.3,22.7
"대전 중구","전기·운수·통신·금융(D,H,J,K)",13.8,12.4,13.5
"대전 중구","사업·개인·공공서비스 및 기타(E,L~U)",54.0,59.1,56.0
"대전 서구","계",242.2,247.7,240.9
"대전 서구","농업, 임업 및 어업 (A)",1.8,2.1,1.9
"대전 서구","광·제조업(B,C)",20.5,19.6,21.7
"대전 서구","건설업 (F) ",20.4,22.3,21.2
"대전 서구","도소매·음식숙박업(G,I)",46.3,47.8,43.9
"대전 서구","전기·운수·통신·금융(D,H,J,K)",33.2,34.1,33.0
"대전 서구","사업·개인·공공서비스 및 기타(E,L~U)",120.0,121.7,119.1
"대전 유성구","계",189.0,188.2,197.9
"대전 유성구","농업, 임업 및 어업 (A)",2.5,2.4,2.9
"대전 유성구","광·제조업(B,C)",26.7,25.4,27.0
"대전 유성구","건설업 (F) ",11.2,12.1,11.2
"대전 유성구","도소매·음식숙박업(G,I)",34.6,30.2,35.6
"대전 유성구","전기·운수·통신·금융(D,H,J,K)",17.8,19.1,20.6
"대전 유성구","사업·개인·공공서비스 및 기타(E,L~U)",96.2,99.0,100.6
"대전 대덕구","계",87.2,92.1,93.6
"대전 대덕구","농업, 임업 및 어업 (A)",0.9,1.2,1.1
"대전 대덕구","광·제조업(B,C)",15.7,15.6,16.2
"대전 대덕구","건설업 (F) ",8.2,10.0,9.8
"대전 대덕구","도소매·음식숙박업(G,I)",18.6,18.3,18.5
"대전 대덕구","전기·운수·통신·금융(D,H,J,K)",11.7,12.3,12.5
"대전 대덕구","사업·개인·공공서비스 및 기타(E,L~U)",32.0,34.8,35.4
"울산 중구","계",97.9,100.6,99.7
"울산 중구","농업, 임업 및 어업 (A)",0.7,0.7,0.5
"울산 중구","광·제조업(B,C)",28.4,27.0,26.6
"울산 중구","건설업 (F) ",7.9,6.7,9.0
"울산 중구","도소매·음식숙박업(G,I)",18.8,20.8,19.1
"울산 중구","전기·운수·통신·금융(D,H,J,K)",10.1,10.5,10.4
"울산 중구","사업·개인·공공서비스 및 기타(E,L~U)",32.0,34.8,34.0
"울산 남구","계",152.7,154.6,154.7
"울산 남구","농업, 임업 및 어업 (A)",0.7,0.9,0.6
"울산 남구","광·제조업(B,C)",41.3,39.6,38.9
"울산 남구","건설업 (F) ",13.4,14.4,15.1
"울산 남구","도소매·음식숙박업(G,I)",29.8,29.9,29.8
"울산 남구","전기·운수·통신·금융(D,H,J,K)",15.6,15.0,14.6
"울산 남구","사업·개인·공공서비스 및 기타(E,L~U)",51.9,54.7,55.5
"울산 동구","계",71.3,72.2,74.0
"울산 동구","농업, 임업 및 어업 (A)",0.3,0.4,0.5
"울산 동구","광·제조업(B,C)",31.8,32.0,33.2
"울산 동구","건설업 (F) ",3.8,3.7,4.1
"울산 동구","도소매·음식숙박업(G,I)",10.2,9.6,8.8
"울산 동구","전기·운수·통신·금융(D,H,J,K)",3.3,3.2,3.8
"울산 동구","사업·개인·공공서비스 및 기타(E,L~U)",21.8,23.3,23.6
"울산 북구","계",104.2,107.5,106.3
"울산 북구","농업, 임업 및 어업 (A)",1.1,1.4,1.6
"울산 북구","광·제조업(B,C)",45.2,46.9,45.7
"울산 북구","건설업 (F) ",6.5,5.7,5.6
"울산 북구","도소매·음식숙박업(G,I)",13.8,12.9,13.0
"울산 북구","전기·운수·통신·금융(D,H,J,K)",9.1,9.4,10.5
"울산 북구","사업·개인·공공서비스 및 기타(E,L~U)",28.5,31.1,30.0
"울산 울주군","계",110.9,117.4,115.6
"울산 울주군","농업, 임업 및 어업 (A)",4.5,5.6,4.9
"울산 울주군","광·제조업(B,C)",29.0,30.7,29.8
"울산 울주군","건설업 (F) ",9.5,11.3,11.3
"울산 울주군","도소매·음식숙박업(G,I)",20.0,19.5,20.2
"울산 울주군","전기·운수·통신·금융(D,H,J,K)",12.4,12.0,12.1
"울산 울주군","사업·개인·공공서비스 및 기타(E,L~U)",35.5,38.3,37.3
"수원시","계",608.5,631.5,641.5
"수원시","농업, 임업 및 어업 (A)",0.5,1.6,1.7
"수원시","광·제조업(B,C)",93.7,98.4,106.8
"수원시","건설업 (F) ",56.3,56.3,57.4
"수원시","도소매·음식숙박업(G,I)",105.1,116.0,119.2
"수원시","전기·운수·통신·금융(D,H,J,K)",78.9,71.0,76.8
"수원시","사업·개인·공공서비스 및 기타(E,L~U)",274.0,288.1,279.6
"성남시","계",471.4,485.0,482.7
"성남시","농업, 임업 및 어업 (A)",0.8,0.8,1.1
"성남시","광·제조업(B,C)",59.0,55.1,61.7
"성남시","건설업 (F) ",37.6,40.7,34.0
"성남시","도소매·음식숙박업(G,I)",102.0,99.0,98.6
"성남시","전기·운수·통신·금융(D,H,J,K)",75.3,90.7,83.5
"성남시","사업·개인·공공서비스 및 기타(E,L~U)",196.8,198.6,203.8
"의정부시","계",217.6,225.5,222.7
"의정부시","농업, 임업 및 어업 (A)",1.0,1.1,1.1
"의정부시","광·제조업(B,C)",28.9,27.7,26.4
"의정부시","건설업 (F) ",18.4,20.3,21.6
"의정부시","도소매·음식숙박업(G,I)",49.6,51.9,53.8
"의정부시","전기·운수·통신·금융(D,H,J,K)",30.7,32.4,32.4
"의정부시","사업·개인·공공서비스 및 기타(E,L~U)",89.0,92.1,87.4
"안양시","계",277.2,275.7,279.8
"안양시","농업, 임업 및 어업 (A)",0.2,0.2,0.4
"안양시","광·제조업(B,C)",38.8,38.6,39.7
"안양시","건설업 (F) ",15.3,16.0,17.7
"안양시","도소매·음식숙박업(G,I)",48.4,45.1,46.2
"안양시","전기·운수·통신·금융(D,H,J,K)",42.8,42.7,44.9
"안양시","사업·개인·공공서비스 및 기타(E,L~U)",131.6,133.1,130.8
"부천시","계",427.2,422.8,429.3
"부천시","농업, 임업 및 어업 (A)",0.5,-,-
"부천시","광·제조업(B,C)",91.9,85.7,86.1
"부천시","건설업 (F) ",39.0,41.3,36.9
"부천시","도소매·음식숙박업(G,I)",77.4,75.8,78.1
"부천시","전기·운수·통신·금융(D,H,J,K)",59.6,60.3,62.5
"부천시","사업·개인·공공서비스 및 기타(E,L~U)",158.9,159.7,165.7
"광명시","계",142.2,145.7,144.0
"광명시","농업, 임업 및 어업 (A)",1.8,1.9,1.6
"광명시","광·제조업(B,C)",20.5,19.9,20.2
"광명시","건설업 (F) ",11.2,11.3,10.4
"광명시","도소매·음식숙박업(G,I)",29.0,27.4,28.7
"광명시","전기·운수·통신·금융(D,H,J,K)",22.5,23.5,22.7
"광명시","사업·개인·공공서비스 및 기타(E,L~U)",57.3,61.6,60.5
"평택시","계",286.0,295.1,317.0
"평택시","농업, 임업 및 어업 (A)",7.4,7.6,7.8
"평택시","광·제조업(B,C)",81.9,83.0,88.4
"평택시","건설업 (F) ",39.0,35.8,41.9
"평택시","도소매·음식숙박업(G,I)",45.8,47.3,53.9
"평택시","전기·운수·통신·금융(D,H,J,K)",27.6,26.2,24.9
"평택시","사업·개인·공공서비스 및 기타(E,L~U)",84.2,95.2,100.2
"동두천시","계",43.4,46.7,46.9
"동두천시","농업, 임업 및 어업 (A)",0.2,0.4,0.4
"동두천시","광·제조업(B,C)",8.5,8.7,8.9
"동두천시","건설업 (F) ",3.2,3.5,4.0
"동두천시","도소매·음식숙박업(G,I)",9.5,9.5,9.4
"동두천시","전기·운수·통신·금융(D,H,J,K)",4.6,4.9,4.6
"동두천시","사업·개인·공공서비스 및 기타(E,L~U)",17.5,19.7,19.7
"안산시","계",365.7,374.0,387.8
"안산시","농업, 임업 및 어업 (A)",1.0,1.3,1.9
"안산시","광·제조업(B,C)",111.7,114.1,125.1
"안산시","건설업 (F) ",24.9,26.2,37.2
"안산시","도소매·음식숙박업(G,I)",75.1,64.2,67.5
"안산시","전기·운수·통신·금융(D,H,J,K)",40.6,42.3,40.9
"안산시","사업·개인·공공서비스 및 기타(E,L~U)",112.5,125.9,115.3
"고양시","계",523.0,545.7,555.0
"고양시","농업, 임업 및 어업 (A)",3.1,2.3,2.6
"고양시","광·제조업(B,C)",48.1,49.9,47.5
"고양시","건설업 (F) ",26.8,33.1,32.4
"고양시","도소매·음식숙박업(G,I)",130.2,128.9,136.8
"고양시","전기·운수·통신·금융(D,H,J,K)",90.0,91.1,90.2
"고양시","사업·개인·공공서비스 및 기타(E,L~U)",224.8,240.4,245.6
"과천시","계",29.8,31.7,37.0
"과천시","농업, 임업 및 어업 (A)",0.1,0.1,0.0
"과천시","광·제조업(B,C)",2.8,2.1,2.8
"과천시","건설업 (F) ",1.3,1.2,1.5
"과천시","도소매·음식숙박업(G,I)",5.3,6.2,7.3
"과천시","전기·운수·통신·금융(D,H,J,K)",5.2,5.5,7.0
"과천시","사업·개인·공공서비스 및 기타(E,L~U)",15.1,16.6,18.3
"구리시","계",97.3,96.4,98.5
"구리시","농업, 임업 및 어업 (A)",0.2,0.1,0.1
"구리시","광·제조업(B,C)",10.3,9.6,9.5
"구리시","건설업 (F) ",9.1,8.2,7.8
"구리시","도소매·음식숙박업(G,I)",22.0,22.9,23.7
"구리시","전기·운수·통신·금융(D,H,J,K)",15.3,15.8,16.4
"구리시","사업·개인·공공서비스 및 기타(E,L~U)",40.3,39.7,40.9
"남양주시","계",326.2,342.0,341.2
"남양주시","농업, 임업 및 어업 (A)",1.4,1.4,2.3
"남양주시","광·제조업(B,C)",38.4,41.2,41.9
"남양주시","건설업 (F) ",23.8,25.0,25.8
"남양주시","도소매·음식숙박업(G,I)",73.4,81.0,80.2
"남양주시","전기·운수·통신·금융(D,H,J,K)",43.1,46.6,46.8
"남양주시","사업·개인·공공서비스 및 기타(E,L~U)",146.0,146.7,144.3
"오산시","계",126.0,126.7,128.3
"오산시","농업, 임업 및 어업 (A)",1.6,1.7,1.1
"오산시","광·제조업(B,C)",43.4,43.4,43.8
"오산시","건설업 (F) ",8.9,9.2,11.1
"오산시","도소매·음식숙박업(G,I)",16.2,16.2,17.7
"오산시","전기·운수·통신·금융(D,H,J,K)",11.3,11.7,12.2
"오산시","사업·개인·공공서비스 및 기타(E,L~U)",44.6,44.5,42.5
"시흥시","계",279.4,291.5,301.3
"시흥시","농업, 임업 및 어업 (A)",2.2,2.8,2.8
"시흥시","광·제조업(B,C)",105.4,106.1,107.0
"시흥시","건설업 (F) ",28.0,29.0,33.1
"시흥시","도소매·음식숙박업(G,I)",47.0,51.5,50.1
"시흥시","전기·운수·통신·금융(D,H,J,K)",20.6,23.6,24.3
"시흥시","사업·개인·공공서비스 및 기타(E,L~U)",76.3,78.5,84.0
"군포시","계",136.0,140.8,141.3
"군포시","농업, 임업 및 어업 (A)",0.7,0.3,0.3
"군포시","광·제조업(B,C)",27.5,25.4,25.2
"군포시","건설업 (F) ",9.8,10.5,10.3
"군포시","도소매·음식숙박업(G,I)",22.2,23.5,24.6
"군포시","전기·운수·통신·금융(D,H,J,K)",18.7,19.1,19.1
"군포시","사업·개인·공공서비스 및 기타(E,L~U)",57.0,62.0,61.8
"의왕시","계",80.7,83.1,82.1
"의왕시","농업, 임업 및 어업 (A)",0.2,0.2,0.2
"의왕시","광·제조업(B,C)",12.7,13.2,11.9
"의왕시","건설업 (F) ",5.1,4.8,4.9
"의왕시","도소매·음식숙박업(G,I)",15.0,16.5,16.0
"의왕시","전기·운수·통신·금융(D,H,J,K)",13.4,13.3,13.8
"의왕시","사업·개인·공공서비스 및 기타(E,L~U)",34.4,35.2,35.2
"하남시","계",154.5,161.3,171.9
"하남시","농업, 임업 및 어업 (A)",1.8,1.7,1.9
"하남시","광·제조업(B,C)",15.7,16.6,16.4
"하남시","건설업 (F) ",12.3,12.9,14.0
"하남시","도소매·음식숙박업(G,I)",44.1,47.9,49.7
"하남시","전기·운수·통신·금융(D,H,J,K)",20.8,21.8,24.3
"하남시","사업·개인·공공서비스 및 기타(E,L~U)",59.8,60.4,65.5
"용인시","계",511.7,524.0,532.4
"용인시","농업, 임업 및 어업 (A)",4.2,3.5,5.6
"용인시","광·제조업(B,C)",76.9,70.5,77.9
"용인시","건설업 (F) ",28.2,30.9,36.5
"용인시","도소매·음식숙박업(G,I)",104.0,104.9,101.7
"용인시","전기·운수·통신·금융(D,H,J,K)",92.2,97.1,94.9
"용인시","사업·개인·공공서비스 및 기타(E,L~U)",206.2,217.1,215.9
"파주시","계",231.4,241.4,252.0
"파주시","농업, 임업 및 어업 (A)",8.8,7.1,6.8
"파주시","광·제조업(B,C)",50.3,52.6,53.0
"파주시","건설업 (F) ",18.1,18.4,19.6
"파주시","도소매·음식숙박업(G,I)",42.9,46.9,49.5
"파주시","전기·운수·통신·금융(D,H,J,K)",29.6,33.2,38.0
"파주시","사업·개인·공공서비스 및 기타(E,L~U)",81.8,83.3,85.2
"이천시","계",127.0,135.6,135.5
"이천시","농업, 임업 및 어업 (A)",12.2,14.3,13.7
"이천시","광·제조업(B,C)",30.3,30.6,30.3
"이천시","건설업 (F) ",6.8,8.0,9.3
"이천시","도소매·음식숙박업(G,I)",17.2,18.9,18.1
"이천시","전기·운수·통신·금융(D,H,J,K)",16.3,17.2,16.5
"이천시","사업·개인·공공서비스 및 기타(E,L~U)",44.2,46.7,47.6
"안성시","계",112.9,116.3,117.7
"안성시","농업, 임업 및 어업 (A)",10.8,9.8,10.0
"안성시","광·제조업(B,C)",31.0,30.2,31.5
"안성시","건설업 (F) ",7.4,8.3,8.4
"안성시","도소매·음식숙박업(G,I)",18.0,18.6,17.5
"안성시","전기·운수·통신·금융(D,H,J,K)",12.1,13.2,13.8
"안성시","사업·개인·공공서비스 및 기타(E,L~U)",33.7,36.1,36.5
"김포시","계",237.5,248.9,254.9
"김포시","농업, 임업 및 어업 (A)",10.5,9.7,8.8
"김포시","광·제조업(B,C)",42.1,43.2,41.3
"김포시","건설업 (F) ",11.5,12.8,13.8
"김포시","도소매·음식숙박업(G,I)",42.0,45.5,46.7
"김포시","전기·운수·통신·금융(D,H,J,K)",36.1,39.9,42.1
"김포시","사업·개인·공공서비스 및 기타(E,L~U)",95.2,97.9,102.2
"화성시","계",473.3,490.7,498.3
"화성시","농업, 임업 및 어업 (A)",27.9,28.1,24.7
"화성시","광·제조업(B,C)",163.7,166.2,165.0
"화성시","건설업 (F) ",26.2,25.4,29.2
"화성시","도소매·음식숙박업(G,I)",64.8,70.4,72.3
"화성시","전기·운수·통신·금융(D,H,J,K)",41.9,44.7,44.4
"화성시","사업·개인·공공서비스 및 기타(E,L~U)",148.9,155.8,162.6
"광주시","계",201.6,210.7,214.2
"광주시","농업, 임업 및 어업 (A)",1.3,2.0,1.5
"광주시","광·제조업(B,C)",46.4,43.6,45.9
"광주시","건설업 (F) ",12.8,16.2,15.6
"광주시","도소매·음식숙박업(G,I)",44.2,42.1,42.3
"광주시","전기·운수·통신·금융(D,H,J,K)",28.1,33.9,33.9
"광주시","사업·개인·공공서비스 및 기타(E,L~U)",68.8,72.8,74.9
"양주시","계",112.5,115.6,115.9
"양주시","농업, 임업 및 어업 (A)",3.6,4.2,4.1
"양주시","광·제조업(B,C)",24.2,22.8,23.9
"양주시","건설업 (F) ",8.7,8.7,9.4
"양주시","도소매·음식숙박업(G,I)",25.0,24.9,24.1
"양주시","전기·운수·통신·금융(D,H,J,K)",11.7,12.4,13.0
"양주시","사업·개인·공공서비스 및 기타(E,L~U)",39.3,42.7,41.5
"포천시","계",84.8,88.0,90.0
"포천시","농업, 임업 및 어업 (A)",9.8,12.4,12.5
"포천시","광·제조업(B,C)",24.6,25.5,26.9
"포천시","건설업 (F) ",5.9,5.9,5.9
"포천시","도소매·음식숙박업(G,I)",16.1,15.8,17.2
"포천시","전기·운수·통신·금융(D,H,J,K)",5.5,5.4,4.7
"포천시","사업·개인·공공서비스 및 기타(E,L~U)",22.9,23.0,22.9
"여주시","계",62.5,63.4,63.6
"여주시","농업, 임업 및 어업 (A)",12.4,12.6,10.9
"여주시","광·제조업(B,C)",7.9,7.6,7.7
"여주시","건설업 (F) ",4.1,4.4,5.1
"여주시","도소매·음식숙박업(G,I)",8.5,7.7,7.9
"여주시","전기·운수·통신·금융(D,H,J,K)",6.3,6.6,6.5
"여주시","사업·개인·공공서비스 및 기타(E,L~U)",23.4,24.6,25.5
"연천군","계",22.3,22.1,21.7
"연천군","농업, 임업 및 어업 (A)",5.5,5.6,5.5
"연천군","광·제조업(B,C)",2.4,2.0,2.0
"연천군","건설업 (F) ",2.1,1.9,1.7
"연천군","도소매·음식숙박업(G,I)",3.5,3.1,3.1
"연천군","전기·운수·통신·금융(D,H,J,K)",1.7,1.6,1.7
"연천군","사업·개인·공공서비스 및 기타(E,L~U)",7.1,7.8,7.6
"가평군","계",31.9,32.2,32.5
"가평군","농업, 임업 및 어업 (A)",4.1,4.3,4.3
"가평군","광·제조업(B,C)",1.9,2.0,2.0
"가평군","건설업 (F) ",2.3,2.4,2.4
"가평군","도소매·음식숙박업(G,I)",10.5,10.5,10.0
"가평군","전기·운수·통신·금융(D,H,J,K)",1.6,1.6,1.7
"가평군","사업·개인·공공서비스 및 기타(E,L~U)",11.5,11.4,12.2
"양평군","계",60.5,61.0,63.3
"양평군","농업, 임업 및 어업 (A)",11.8,11.4,11.3
"양평군","광·제조업(B,C)",3.6,3.7,3.9
"양평군","건설업 (F) ",4.9,5.1,5.9
"양평군","도소매·음식숙박업(G,I)",11.8,11.8,12.0
"양평군","전기·운수·통신·금융(D,H,J,K)",4.3,4.2,4.5
"양평군","사업·개인·공공서비스 및 기타(E,L~U)",24.1,24.8,25.8
"춘천시","계",142.6,147.1,147.9
"춘천시","농업, 임업 및 어업 (A)",5.7,6.0,6.0
"춘천시","광·제조업(B,C)",7.9,8.4,8.7
"춘천시","건설업 (F) ",15.0,15.3,13.5
"춘천시","도소매·음식숙박업(G,I)",30.3,31.1,32.1
"춘천시","전기·운수·통신·금융(D,H,J,K)",15.5,16.1,16.1
"춘천시","사업·개인·공공서비스 및 기타(E,L~U)",68.2,70.1,71.5
"원주시","계",182.7,185.3,185.1
"원주시","농업, 임업 및 어업 (A)",12.4,12.6,13.0
"원주시","광·제조업(B,C)",17.5,18.4,18.2
"원주시","건설업 (F) ",17.1,17.9,17.5
"원주시","도소매·음식숙박업(G,I)",42.6,43.8,42.8
"원주시","전기·운수·통신·금융(D,H,J,K)",21.5,21.2,20.6
"원주시","사업·개인·공공서비스 및 기타(E,L~U)",71.7,71.4,73.0
"강릉시","계",112.8,118.1,118.7
"강릉시","농업, 임업 및 어업 (A)",9.5,10.3,10.3
"강릉시","광·제조업(B,C)",8.6,9.4,9.2
"강릉시","건설업 (F) ",12.5,13.2,12.2
"강릉시","도소매·음식숙박업(G,I)",27.1,26.9,27.7
"강릉시","전기·운수·통신·금융(D,H,J,K)",10.1,10.1,11.4
"강릉시","사업·개인·공공서비스 및 기타(E,L~U)",45.0,48.1,48.0
"동해시","계",44.4,45.9,45.1
"동해시","농업, 임업 및 어업 (A)",3.5,3.8,3.9
"동해시","광·제조업(B,C)",3.4,2.9,3.1
"동해시","건설업 (F) ",4.7,5.3,5.4
"동해시","도소매·음식숙박업(G,I)",9.1,9.5,9.3
"동해시","전기·운수·통신·금융(D,H,J,K)",4.2,3.7,3.5
"동해시","사업·개인·공공서비스 및 기타(E,L~U)",19.6,20.6,20.0
"태백시","계",22.1,22.2,21.6
"태백시","농업, 임업 및 어업 (A)",0.5,0.6,0.7
"태백시","광·제조업(B,C)",2.3,2.3,2.2
"태백시","건설업 (F) ",1.4,1.5,1.5
"태백시","도소매·음식숙박업(G,I)",3.8,3.6,3.6
"태백시","전기·운수·통신·금융(D,H,J,K)",1.6,1.5,1.4
"태백시","사업·개인·공공서비스 및 기타(E,L~U)",12.4,12.6,12.3
"속초시","계",41.3,41.9,42.8
"속초시","농업, 임업 및 어업 (A)",1.8,1.8,1.7
"속초시","광·제조업(B,C)",2.3,2.2,2.3
"속초시","건설업 (F) ",3.3,3.5,3.1
"속초시","도소매·음식숙박업(G,I)",14.5,14.6,14.7
"속초시","전기·운수·통신·금융(D,H,J,K)",3.1,3.0,3.0
"속초시","사업·개인·공공서비스 및 기타(E,L~U)",16.2,16.8,18.0
"삼척시","계",34.2,34.9,35.4
"삼척시","농업, 임업 및 어업 (A)",3.0,3.3,3.5
"삼척시","광·제조업(B,C)",2.8,2.6,2.7
"삼척시","건설업 (F) ",3.0,3.1,3.9
"삼척시","도소매·음식숙박업(G,I)",6.1,6.1,6.4
"삼척시","전기·운수·통신·금융(D,H,J,K)",2.9,2.6,2.2
"삼척시","사업·개인·공공서비스 및 기타(E,L~U)",16.4,17.3,16.7
"홍천군","계",39.9,40.4,40.3
"홍천군","농업, 임업 및 어업 (A)",11.3,11.6,11.5
"홍천군","광·제조업(B,C)",2.7,2.3,2.5
"홍천군","건설업 (F) ",3.1,2.9,2.5
"홍천군","도소매·음식숙박업(G,I)",6.9,7.2,7.5
"홍천군","전기·운수·통신·금융(D,H,J,K)",1.8,1.9,1.9
"홍천군","사업·개인·공공서비스 및 기타(E,L~U)",14.0,14.5,14.4
"횡성군","계",25.9,26.2,26.5
"횡성군","농업, 임업 및 어업 (A)",8.9,9.2,9.3
"횡성군","광·제조업(B,C)",3.0,2.7,2.5
"횡성군","건설업 (F) ",1.3,1.3,1.1
"횡성군","도소매·음식숙박업(G,I)",3.6,4.0,4.2
"횡성군","전기·운수·통신·금융(D,H,J,K)",1.3,1.2,1.1
"횡성군","사업·개인·공공서비스 및 기타(E,L~U)",7.8,7.9,8.3
"영월군","계",21.5,21.4,21.6
"영월군","농업, 임업 및 어업 (A)",5.6,5.5,5.4
"영월군","광·제조업(B,C)",1.5,1.4,1.4
"영월군","건설업 (F) ",1.3,1.3,1.5
"영월군","도소매·음식숙박업(G,I)",3.5,3.7,3.5
"영월군","전기·운수·통신·금융(D,H,J,K)",0.8,0.7,0.8
"영월군","사업·개인·공공서비스 및 기타(E,L~U)",8.9,8.6,9.1
"평창군","계",24.9,25.4,26.1
"평창군","농업, 임업 및 어업 (A)",8.3,8.3,8.5
"평창군","광·제조업(B,C)",1.1,1.0,1.0
"평창군","건설업 (F) ",1.6,1.6,1.7
"평창군","도소매·음식숙박업(G,I)",4.2,4.6,4.5
"평창군","전기·운수·통신·금융(D,H,J,K)",1.6,1.6,1.6
"평창군","사업·개인·공공서비스 및 기타(E,L~U)",8.3,8.3,8.7
"정선군","계",21.2,21.5,21.3
"정선군","농업, 임업 및 어업 (A)",3.5,3.6,3.3
"정선군","광·제조업(B,C)",1.3,1.4,1.4
"정선군","건설업 (F) ",1.5,1.5,1.3
"정선군","도소매·음식숙박업(G,I)",4.1,4.0,4.1
"정선군","전기·운수·통신·금융(D,H,J,K)",1.0,1.0,1.1
"정선군","사업·개인·공공서비스 및 기타(E,L~U)",9.8,10.0,10.1
"철원군","계",21.1,21.5,21.4
"철원군","농업, 임업 및 어업 (A)",6.4,6.4,6.1
"철원군","광·제조업(B,C)",1.0,1.0,1.2
"철원군","건설업 (F) ",1.8,1.5,1.3
"철원군","도소매·음식숙박업(G,I)",4.5,4.6,4.7
"철원군","전기·운수·통신·금융(D,H,J,K)",0.9,0.8,0.9
"철원군","사업·개인·공공서비스 및 기타(E,L~U)",6.5,7.2,7.1
"화천군","계",12.1,12.2,12.3
"화천군","농업, 임업 및 어업 (A)",2.9,2.8,2.8
"화천군","광·제조업(B,C)",0.3,0.3,0.3
"화천군","건설업 (F) ",0.4,0.4,0.5
"화천군","도소매·음식숙박업(G,I)",2.1,2.2,2.2
"화천군","전기·운수·통신·금융(D,H,J,K)",0.7,0.7,0.6
"화천군","사업·개인·공공서비스 및 기타(E,L~U)",5.6,5.7,5.8
"양구군","계",11.5,11.5,11.2
"양구군","농업, 임업 및 어업 (A)",3.3,3.2,3.2
"양구군","광·제조업(B,C)",0.3,0.4,0.3
"양구군","건설업 (F) ",0.5,0.6,0.6
"양구군","도소매·음식숙박업(G,I)",2.1,2.0,2.0
"양구군","전기·운수·통신·금융(D,H,J,K)",0.5,0.5,0.6
"양구군","사업·개인·공공서비스 및 기타(E,L~U)",4.8,4.7,4.5
"인제군","계",16.6,16.8,16.7
"인제군","농업, 임업 및 어업 (A)",3.3,3.2,3.2
"인제군","광·제조업(B,C)",1.0,1.0,1.0
"인제군","건설업 (F) ",1.7,1.7,1.6
"인제군","도소매·음식숙박업(G,I)",3.3,3.1,3.1
"인제군","전기·운수·통신·금융(D,H,J,K)",0.8,0.9,0.9
"인제군","사업·개인·공공서비스 및 기타(E,L~U)",6.5,6.9,6.9
"고성군","계",16.4,17.4,17.4
"고성군","농업, 임업 및 어업 (A)",3.8,4.0,4.1
"고성군","광·제조업(B,C)",0.7,0.8,1.2
"고성군","건설업 (F) ",1.4,1.2,1.2
"고성군","도소매·음식숙박업(G,I)",3.8,4.4,4.1
"고성군","전기·운수·통신·금융(D,H,J,K)",0.5,0.5,0.5
"고성군","사업·개인·공공서비스 및 기타(E,L~U)",6.0,6.5,6.2
"양양군","계",16.2,17.2,16.9
"양양군","농업, 임업 및 어업 (A)",4.0,4.4,4.0
"양양군","광·제조업(B,C)",0.8,0.8,0.7
"양양군","건설업 (F) ",1.2,1.4,1.4
"양양군","도소매·음식숙박업(G,I)",4.1,4.4,4.6
"양양군","전기·운수·통신·금융(D,H,J,K)",0.9,0.9,1.0
"양양군","사업·개인·공공서비스 및 기타(E,L~U)",5.2,5.3,5.2
"청주시","계",443.4,456.4,466.7
"청주시","농업, 임업 및 어업 (A)",14.4,12.7,15.3
"청주시","광·제조업(B,C)",106.9,105.6,106.4
"청주시","건설업 (F) ",36.3,37.9,39.9
"청주시","도소매·음식숙박업(G,I)",73.2,78.3,77.2
"청주시","전기·운수·통신·금융(D,H,J,K)",35.7,37.8,41.4
"청주시","사업·개인·공공서비스 및 기타(E,L~U)",177.0,184.1,186.6
"충주시","계",117.4,120.7,121.9
"충주시","농업, 임업 및 어업 (A)",18.7,19.4,18.5
"충주시","광·제조업(B,C)",21.1,19.3,21.1
"충주시","건설업 (F) ",9.0,9.4,10.0
"충주시","도소매·음식숙박업(G,I)",21.0,21.5,21.1
"충주시","전기·운수·통신·금융(D,H,J,K)",7.8,8.9,8.1
"충주시","사업·개인·공공서비스 및 기타(E,L~U)",39.9,42.2,43.1
"제천시","계",70.9,71.5,71.6
"제천시","농업, 임업 및 어업 (A)",9.2,9.7,9.8
"제천시","광·제조업(B,C)",11.2,10.8,11.0
"제천시","건설업 (F) ",5.4,5.8,5.8
"제천시","도소매·음식숙박업(G,I)",12.3,12.6,12.4
"제천시","전기·운수·통신·금융(D,H,J,K)",7.8,7.4,7.3
"제천시","사업·개인·공공서비스 및 기타(E,L~U)",25.1,25.0,25.3
"보은군","계",19.7,19.3,19.1
"보은군","농업, 임업 및 어업 (A)",8.6,7.9,8.1
"보은군","광·제조업(B,C)",2.0,2.2,2.2
"보은군","건설업 (F) ",1.2,1.2,0.9
"보은군","도소매·음식숙박업(G,I)",2.5,2.4,2.3
"보은군","전기·운수·통신·금융(D,H,J,K)",0.6,0.7,0.7
"보은군","사업·개인·공공서비스 및 기타(E,L~U)",4.9,5.0,4.8
"옥천군","계",27.7,27.7,28.8
"옥천군","농업, 임업 및 어업 (A)",8.1,8.2,8.8
"옥천군","광·제조업(B,C)",4.3,4.1,4.3
"옥천군","건설업 (F) ",1.2,1.4,1.5
"옥천군","도소매·음식숙박업(G,I)",3.4,3.3,3.3
"옥천군","전기·운수·통신·금융(D,H,J,K)",1.9,1.8,2.1
"옥천군","사업·개인·공공서비스 및 기타(E,L~U)",8.7,8.9,8.9
"영동군","계",26.9,25.8,26.9
"영동군","농업, 임업 및 어업 (A)",11.3,11.6,12.0
"영동군","광·제조업(B,C)",2.0,1.9,1.9
"영동군","건설업 (F) ",1.3,1.4,1.5
"영동군","도소매·음식숙박업(G,I)",3.0,2.7,2.6
"영동군","전기·운수·통신·금융(D,H,J,K)",1.4,1.3,1.3
"영동군","사업·개인·공공서비스 및 기타(E,L~U)",7.8,7.0,7.4
"진천군","계",54.4,56.1,56.6
"진천군","농업, 임업 및 어업 (A)",8.4,8.7,9.2
"진천군","광·제조업(B,C)",21.4,22.0,21.7
"진천군","건설업 (F) ",2.4,2.3,2.8
"진천군","도소매·음식숙박업(G,I)",5.4,5.1,5.2
"진천군","전기·운수·통신·금융(D,H,J,K)",4.0,4.4,4.4
"진천군","사업·개인·공공서비스 및 기타(E,L~U)",12.7,13.5,13.4
"괴산군","계",24.5,24.1,24.1
"괴산군","농업, 임업 및 어업 (A)",10.8,11.0,11.4
"괴산군","광·제조업(B,C)",2.8,2.7,2.6
"괴산군","건설업 (F) ",1.1,1.0,1.0
"괴산군","도소매·음식숙박업(G,I)",3.9,3.3,3.3
"괴산군","전기·운수·통신·금융(D,H,J,K)",1.2,1.1,0.9
"괴산군","사업·개인·공공서비스 및 기타(E,L~U)",4.7,5.1,4.9
"음성군","계",62.1,62.2,61.7
"음성군","농업, 임업 및 어업 (A)",13.1,12.6,12.9
"음성군","광·제조업(B,C)",20.9,21.1,20.3
"음성군","건설업 (F) ",2.7,2.5,2.6
"음성군","도소매·음식숙박업(G,I)",7.1,7.6,8.1
"음성군","전기·운수·통신·금융(D,H,J,K)",3.8,3.2,2.7
"음성군","사업·개인·공공서비스 및 기타(E,L~U)",14.5,15.2,15.2
"단양군","계",15.6,16.2,16.0
"단양군","농업, 임업 및 어업 (A)",3.9,4.3,4.2
"단양군","광·제조업(B,C)",1.5,1.5,1.5
"단양군","건설업 (F) ",1.1,1.1,1.2
"단양군","도소매·음식숙박업(G,I)",2.6,2.7,2.8
"단양군","전기·운수·통신·금융(D,H,J,K)",0.8,0.7,0.8
"단양군","사업·개인·공공서비스 및 기타(E,L~U)",5.8,5.9,5.6
"증평군","계",20.1,20.5,20.8
"증평군","농업, 임업 및 어업 (A)",2.1,1.9,1.7
"증평군","광·제조업(B,C)",5.1,4.9,5.3
"증평군","건설업 (F) ",1.3,1.5,1.6
"증평군","도소매·음식숙박업(G,I)",3.1,3.1,3.1
"증평군","전기·운수·통신·금융(D,H,J,K)",1.4,1.4,1.4
"증평군","사업·개인·공공서비스 및 기타(E,L~U)",7.3,7.7,7.8
"천안시","계",371.2,377.7,378.4
"천안시","농업, 임업 및 어업 (A)",15.9,15.4,15.8
"천안시","광·제조업(B,C)",107.7,105.3,101.4
"천안시","건설업 (F) ",18.1,22.2,21.2
"천안시","도소매·음식숙박업(G,I)",66.4,65.9,66.6
"천안시","전기·운수·통신·금융(D,H,J,K)",34.7,38.7,36.2
"천안시","사업·개인·공공서비스 및 기타(E,L~U)",128.4,130.2,137.2
"공주시","계",59.9,60.8,61.4
"공주시","농업, 임업 및 어업 (A)",17.6,17.4,18.6
"공주시","광·제조업(B,C)",7.1,7.5,7.8
"공주시","건설업 (F) ",4.1,4.4,4.1
"공주시","도소매·음식숙박업(G,I)",8.2,7.6,6.9
"공주시","전기·운수·통신·금융(D,H,J,K)",3.4,3.8,3.7
"공주시","사업·개인·공공서비스 및 기타(E,L~U)",19.5,20.2,20.2
"보령시","계",54.7,55.2,59.0
"보령시","농업, 임업 및 어업 (A)",11.6,11.2,12.5
"보령시","광·제조업(B,C)",6.1,6.8,6.4
"보령시","건설업 (F) ",4.3,4.2,5.0
"보령시","도소매·음식숙박업(G,I)",10.8,10.7,11.2
"보령시","전기·운수·통신·금융(D,H,J,K)",4.8,5.0,5.0
"보령시","사업·개인·공공서비스 및 기타(E,L~U)",17.0,17.3,18.8
"아산시","계",184.4,185.6,193.1
"아산시","농업, 임업 및 어업 (A)",12.5,12.7,12.1
"아산시","광·제조업(B,C)",62.4,60.8,63.3
"아산시","건설업 (F) ",11.8,12.6,14.0
"아산시","도소매·음식숙박업(G,I)",25.7,25.9,24.8
"아산시","전기·운수·통신·금융(D,H,J,K)",12.8,13.0,15.2
"아산시","사업·개인·공공서비스 및 기타(E,L~U)",59.2,60.6,63.7
"서산시","계",100.9,102.5,102.7
"서산시","농업, 임업 및 어업 (A)",23.0,23.6,23.0
"서산시","광·제조업(B,C)",21.2,21.8,22.0
"서산시","건설업 (F) ",8.9,8.3,8.7
"서산시","도소매·음식숙박업(G,I)",13.8,14.7,14.3
"서산시","전기·운수·통신·금융(D,H,J,K)",6.5,6.1,6.2
"서산시","사업·개인·공공서비스 및 기타(E,L~U)",27.5,28.1,28.5
"논산시","계",65.0,66.7,65.7
"논산시","농업, 임업 및 어업 (A)",20.1,21.0,20.4
"논산시","광·제조업(B,C)",8.1,8.9,9.3
"논산시","건설업 (F) ",3.7,3.4,4.0
"논산시","도소매·음식숙박업(G,I)",10.7,11.1,10.0
"논산시","전기·운수·통신·금융(D,H,J,K)",3.6,3.5,3.4
"논산시","사업·개인·공공서비스 및 기타(E,L~U)",18.7,18.8,18.6
"계룡시","계",18.1,18.1,18.0
"계룡시","농업, 임업 및 어업 (A)",0.6,0.6,0.6
"계룡시","광·제조업(B,C)",1.7,1.7,1.5
"계룡시","건설업 (F) ",1.0,1.0,1.0
"계룡시","도소매·음식숙박업(G,I)",3.9,3.5,3.8
"계룡시","전기·운수·통신·금융(D,H,J,K)",1.4,1.6,1.4
"계룡시","사업·개인·공공서비스 및 기타(E,L~U)",9.6,9.7,9.7
"당진시","계",98.3,98.9,100.0
"당진시","농업, 임업 및 어업 (A)",22.6,22.6,22.7
"당진시","광·제조업(B,C)",24.4,25.1,26.8
"당진시","건설업 (F) ",9.7,9.0,8.9
"당진시","도소매·음식숙박업(G,I)",10.8,10.5,10.9
"당진시","전기·운수·통신·금융(D,H,J,K)",8.0,8.2,7.3
"당진시","사업·개인·공공서비스 및 기타(E,L~U)",22.9,23.5,23.3
"금산군","계",32.3,32.6,31.6
"금산군","농업, 임업 및 어업 (A)",11.5,11.5,11.2
"금산군","광·제조업(B,C)",5.0,4.4,4.5
"금산군","건설업 (F) ",1.7,1.3,1.6
"금산군","도소매·음식숙박업(G,I)",5.6,6.0,5.7
"금산군","전기·운수·통신·금융(D,H,J,K)",1.4,1.7,1.5
"금산군","사업·개인·공공서비스 및 기타(E,L~U)",7.2,7.8,7.1
"부여군","계",38.0,37.8,38.4
"부여군","농업, 임업 및 어업 (A)",17.7,17.1,17.8
"부여군","광·제조업(B,C)",2.2,2.4,2.6
"부여군","건설업 (F) ",1.9,2.0,2.2
"부여군","도소매·음식숙박업(G,I)",4.8,4.7,4.6
"부여군","전기·운수·통신·금융(D,H,J,K)",1.4,1.3,1.2
"부여군","사업·개인·공공서비스 및 기타(E,L~U)",10.0,10.4,10.1
"서천군","계",30.5,31.3,30.0
"서천군","농업, 임업 및 어업 (A)",10.4,10.5,9.6
"서천군","광·제조업(B,C)",2.5,2.7,2.7
"서천군","건설업 (F) ",2.4,2.1,2.0
"서천군","도소매·음식숙박업(G,I)",4.2,4.0,3.9
"서천군","전기·운수·통신·금융(D,H,J,K)",1.6,1.6,1.5
"서천군","사업·개인·공공서비스 및 기타(E,L~U)",9.4,10.4,10.3
"청양군","계",21.7,21.9,21.6
"청양군","농업, 임업 및 어업 (A)",11.8,11.8,11.2
"청양군","광·제조업(B,C)",1.6,1.9,1.7
"청양군","건설업 (F) ",0.6,0.5,0.7
"청양군","도소매·음식숙박업(G,I)",2.2,2.1,2.3
"청양군","전기·운수·통신·금융(D,H,J,K)",1.0,1.1,1.0
"청양군","사업·개인·공공서비스 및 기타(E,L~U)",4.5,4.5,4.6
"홍성군","계",57.7,58.7,58.2
"홍성군","농업, 임업 및 어업 (A)",17.9,18.3,16.0
"홍성군","광·제조업(B,C)",6.4,6.5,6.8
"홍성군","건설업 (F) ",3.3,3.0,3.5
"홍성군","도소매·음식숙박업(G,I)",8.5,8.2,8.4
"홍성군","전기·운수·통신·금융(D,H,J,K)",3.0,3.3,2.7
"홍성군","사업·개인·공공서비스 및 기타(E,L~U)",18.5,19.4,20.7
"예산군","계",44.9,46.8,46.6
"예산군","농업, 임업 및 어업 (A)",17.1,18.0,17.7
"예산군","광·제조업(B,C)",5.5,5.2,5.0
"예산군","건설업 (F) ",3.1,3.3,3.4
"예산군","도소매·음식숙박업(G,I)",5.7,6.6,6.6
"예산군","전기·운수·통신·금융(D,H,J,K)",2.9,2.9,3.2
"예산군","사업·개인·공공서비스 및 기타(E,L~U)",10.6,10.6,10.6
"태안군","계",37.9,38.8,38.6
"태안군","농업, 임업 및 어업 (A)",16.1,16.3,16.5
"태안군","광·제조업(B,C)",1.4,1.3,1.3
"태안군","건설업 (F) ",2.0,1.8,1.8
"태안군","도소매·음식숙박업(G,I)",6.6,6.9,6.8
"태안군","전기·운수·통신·금융(D,H,J,K)",2.4,2.4,2.1
"태안군","사업·개인·공공서비스 및 기타(E,L~U)",9.5,10.1,10.1
"전주시","계",331.7,345.8,345.6
"전주시","농업, 임업 및 어업 (A)",9.6,11.1,14.2
"전주시","광·제조업(B,C)",34.9,34.2,34.7
"전주시","건설업 (F) ",38.6,39.1,35.5
"전주시","도소매·음식숙박업(G,I)",69.1,76.5,70.6
"전주시","전기·운수·통신·금융(D,H,J,K)",36.1,34.2,33.9
"전주시","사업·개인·공공서비스 및 기타(E,L~U)",143.5,150.7,156.7
"군산시","계",128.2,130.1,128.4
"군산시","농업, 임업 및 어업 (A)",9.5,10.9,10.3
"군산시","광·제조업(B,C)",21.0,21.3,21.3
"군산시","건설업 (F) ",11.0,10.8,10.6
"군산시","도소매·음식숙박업(G,I)",22.4,24.1,22.9
"군산시","전기·운수·통신·금융(D,H,J,K)",13.9,13.7,14.2
"군산시","사업·개인·공공서비스 및 기타(E,L~U)",50.3,49.3,49.2
"익산시","계",139.1,144.4,141.8
"익산시","농업, 임업 및 어업 (A)",16.6,19.1,16.6
"익산시","광·제조업(B,C)",27.5,25.9,26.3
"익산시","건설업 (F) ",10.0,9.4,9.0
"익산시","도소매·음식숙박업(G,I)",21.7,25.2,21.6
"익산시","전기·운수·통신·금융(D,H,J,K)",15.0,13.6,14.6
"익산시","사업·개인·공공서비스 및 기타(E,L~U)",48.2,51.2,53.6
"정읍시","계",59.5,58.9,59.4
"정읍시","농업, 임업 및 어업 (A)",19.0,19.2,19.1
"정읍시","광·제조업(B,C)",8.8,8.1,7.8
"정읍시","건설업 (F) ",3.7,3.9,4.0
"정읍시","도소매·음식숙박업(G,I)",7.2,6.6,7.0
"정읍시","전기·운수·통신·금융(D,H,J,K)",3.2,3.6,3.5
"정읍시","사업·개인·공공서비스 및 기타(E,L~U)",17.6,17.5,17.9
"남원시","계",45.3,44.3,45.7
"남원시","농업, 임업 및 어업 (A)",14.9,13.4,13.9
"남원시","광·제조업(B,C)",3.4,3.2,3.3
"남원시","건설업 (F) ",3.0,3.0,3.2
"남원시","도소매·음식숙박업(G,I)",5.8,6.1,6.3
"남원시","전기·운수·통신·금융(D,H,J,K)",3.4,3.2,2.9
"남원시","사업·개인·공공서비스 및 기타(E,L~U)",14.7,15.3,16.2
"김제시","계",44.1,44.8,45.2
"김제시","농업, 임업 및 어업 (A)",14.5,14.7,15.4
"김제시","광·제조업(B,C)",4.2,3.8,3.9
"김제시","건설업 (F) ",2.5,2.6,2.2
"김제시","도소매·음식숙박업(G,I)",5.4,5.3,5.1
"김제시","전기·운수·통신·금융(D,H,J,K)",2.3,2.4,2.3
"김제시","사업·개인·공공서비스 및 기타(E,L~U)",15.3,16.0,16.3
"완주군","계",51.1,51.4,51.2
"완주군","농업, 임업 및 어업 (A)",15.0,15.3,14.4
"완주군","광·제조업(B,C)",8.6,8.9,9.0
"완주군","건설업 (F) ",3.5,3.4,2.9
"완주군","도소매·음식숙박업(G,I)",7.2,6.6,6.5
"완주군","전기·운수·통신·금융(D,H,J,K)",3.2,3.2,3.4
"완주군","사업·개인·공공서비스 및 기타(E,L~U)",13.7,13.9,15.0
"진안군","계",14.4,14.5,14.6
"진안군","농업, 임업 및 어업 (A)",6.3,5.9,6.0
"진안군","광·제조업(B,C)",0.8,0.9,0.9
"진안군","건설업 (F) ",0.7,0.5,0.6
"진안군","도소매·음식숙박업(G,I)",1.4,1.5,1.5
"진안군","전기·운수·통신·금융(D,H,J,K)",0.6,0.6,0.6
"진안군","사업·개인·공공서비스 및 기타(E,L~U)",4.7,5.1,5.0
"무주군","계",14.9,14.8,14.9
"무주군","농업, 임업 및 어업 (A)",5.6,5.4,5.4
"무주군","광·제조업(B,C)",0.6,0.6,0.6
"무주군","건설업 (F) ",0.6,0.6,0.6
"무주군","도소매·음식숙박업(G,I)",2.1,2.2,2.2
"무주군","전기·운수·통신·금융(D,H,J,K)",0.7,0.7,0.7
"무주군","사업·개인·공공서비스 및 기타(E,L~U)",5.3,5.4,5.4
"장수군","계",14.5,14.5,14.6
"장수군","농업, 임업 및 어업 (A)",5.6,5.8,5.7
"장수군","광·제조업(B,C)",0.7,0.7,0.7
"장수군","건설업 (F) ",0.6,0.5,0.5
"장수군","도소매·음식숙박업(G,I)",1.4,1.4,1.4
"장수군","전기·운수·통신·금융(D,H,J,K)",0.5,0.5,0.6
"장수군","사업·개인·공공서비스 및 기타(E,L~U)",5.7,5.6,5.8
"임실군","계",15.5,16.0,15.4
"임실군","농업, 임업 및 어업 (A)",7.7,7.7,6.9
"임실군","광·제조업(B,C)",0.9,0.8,1.0
"임실군","건설업 (F) ",0.6,0.7,0.5
"임실군","도소매·음식숙박업(G,I)",1.8,1.9,1.8
"임실군","전기·운수·통신·금융(D,H,J,K)",0.5,0.5,0.5
"임실군","사업·개인·공공서비스 및 기타(E,L~U)",4.1,4.4,4.7
"순창군","계",15.5,15.9,16.0
"순창군","농업, 임업 및 어업 (A)",8.1,8.7,9.0
"순창군","광·제조업(B,C)",0.9,0.9,1.0
"순창군","건설업 (F) ",0.8,0.8,0.7
"순창군","도소매·음식숙박업(G,I)",1.1,1.0,0.8
"순창군","전기·운수·통신·금융(D,H,J,K)",0.6,0.5,0.5
"순창군","사업·개인·공공서비스 및 기타(E,L~U)",4.1,4.0,4.0
"고창군","계",30.8,31.0,31.4
"고창군","농업, 임업 및 어업 (A)",18.2,17.6,18.1
"고창군","광·제조업(B,C)",1.6,1.5,1.4
"고창군","건설업 (F) ",1.1,1.3,1.4
"고창군","도소매·음식숙박업(G,I)",2.1,2.3,2.4
"고창군","전기·운수·통신·금융(D,H,J,K)",1.1,1.0,1.0
"고창군","사업·개인·공공서비스 및 기타(E,L~U)",6.6,7.3,7.1
"부안군","계",30.0,29.8,29.9
"부안군","농업, 임업 및 어업 (A)",13.0,12.6,12.4
"부안군","광·제조업(B,C)",2.1,2.1,2.0
"부안군","건설업 (F) ",1.2,1.4,1.2
"부안군","도소매·음식숙박업(G,I)",5.2,5.1,5.2
"부안군","전기·운수·통신·금융(D,H,J,K)",1.4,1.4,1.4
"부안군","사업·개인·공공서비스 및 기타(E,L~U)",7.1,7.2,7.7
"목포시","계",107.7,109.0,111.1
"목포시","농업, 임업 및 어업 (A)",4.6,4.9,4.9
"목포시","광·제조업(B,C)",14.6,14.8,15.3
"목포시","건설업 (F) ",7.7,8.0,8.8
"목포시","도소매·음식숙박업(G,I)",25.8,25.0,25.7
"목포시","전기·운수·통신·금융(D,H,J,K)",11.3,11.4,12.0
"목포시","사업·개인·공공서비스 및 기타(E,L~U)",43.7,44.9,44.6
"여수시","계",144.6,146.9,147.4
"여수시","농업, 임업 및 어업 (A)",20.0,20.2,21.0
"여수시","광·제조업(B,C)",17.5,17.6,19.2
"여수시","건설업 (F) ",19.7,18.5,17.6
"여수시","도소매·음식숙박업(G,I)",24.5,26.3,26.3
"여수시","전기·운수·통신·금융(D,H,J,K)",13.2,13.0,13.1
"여수시","사업·개인·공공서비스 및 기타(E,L~U)",49.7,51.3,50.1
"순천시","계",141.3,145.9,144.4
"순천시","농업, 임업 및 어업 (A)",12.7,13.8,14.4
"순천시","광·제조업(B,C)",14.8,14.3,14.9
"순천시","건설업 (F) ",13.0,13.5,12.5
"순천시","도소매·음식숙박업(G,I)",27.9,27.0,27.5
"순천시","전기·운수·통신·금융(D,H,J,K)",15.0,15.8,15.3
"순천시","사업·개인·공공서비스 및 기타(E,L~U)",58.0,61.5,59.8
"나주시","계",64.7,66.2,64.6
"나주시","농업, 임업 및 어업 (A)",20.1,19.1,19.4
"나주시","광·제조업(B,C)",6.5,7.5,7.3
"나주시","건설업 (F) ",4.2,4.2,4.2
"나주시","도소매·음식숙박업(G,I)",8.4,9.2,7.8
"나주시","전기·운수·통신·금융(D,H,J,K)",5.1,4.8,4.9
"나주시","사업·개인·공공서비스 및 기타(E,L~U)",20.4,21.4,20.9
"광양시","계",79.3,79.9,81.7
"광양시","농업, 임업 및 어업 (A)",8.4,9.1,8.9
"광양시","광·제조업(B,C)",15.8,15.7,16.5
"광양시","건설업 (F) ",10.5,9.2,10.0
"광양시","도소매·음식숙박업(G,I)",11.1,11.9,11.7
"광양시","전기·운수·통신·금융(D,H,J,K)",8.1,9.3,9.5
"광양시","사업·개인·공공서비스 및 기타(E,L~U)",25.4,24.7,25.1
"담양군","계",25.3,26.7,25.5
"담양군","농업, 임업 및 어업 (A)",10.8,11.9,10.6
"담양군","광·제조업(B,C)",1.8,2.1,2.0
"담양군","건설업 (F) ",1.7,1.6,1.3
"담양군","도소매·음식숙박업(G,I)",3.9,3.8,3.8
"담양군","전기·운수·통신·금융(D,H,J,K)",1.5,1.6,1.6
"담양군","사업·개인·공공서비스 및 기타(E,L~U)",5.7,5.7,6.3
"곡성군","계",16.5,16.7,17.1
"곡성군","농업, 임업 및 어업 (A)",8.1,8.1,8.3
"곡성군","광·제조업(B,C)",0.8,0.8,0.9
"곡성군","건설업 (F) ",0.8,0.7,0.7
"곡성군","도소매·음식숙박업(G,I)",1.7,1.8,1.8
"곡성군","전기·운수·통신·금융(D,H,J,K)",0.5,0.6,0.5
"곡성군","사업·개인·공공서비스 및 기타(E,L~U)",4.5,4.8,4.9
"구례군","계",14.2,14.2,13.9
"구례군","농업, 임업 및 어업 (A)",6.0,5.8,5.7
"구례군","광·제조업(B,C)",0.6,0.7,0.6
"구례군","건설업 (F) ",0.7,0.7,0.6
"구례군","도소매·음식숙박업(G,I)",2.0,2.1,2.2
"구례군","전기·운수·통신·금융(D,H,J,K)",0.7,0.7,0.6
"구례군","사업·개인·공공서비스 및 기타(E,L~U)",4.1,4.2,4.1
"고흥군","계",39.6,39.4,39.7
"고흥군","농업, 임업 및 어업 (A)",22.4,22.2,22.7
"고흥군","광·제조업(B,C)",1.8,1.8,2.0
"고흥군","건설업 (F) ",1.5,1.3,1.5
"고흥군","도소매·음식숙박업(G,I)",4.1,4.3,4.3
"고흥군","전기·운수·통신·금융(D,H,J,K)",1.7,1.6,1.4
"고흥군","사업·개인·공공서비스 및 기타(E,L~U)",8.0,8.1,7.9
"보성군","계",23.1,23.5,23.4
"보성군","농업, 임업 및 어업 (A)",10.8,10.9,10.7
"보성군","광·제조업(B,C)",1.4,1.0,0.9
"보성군","건설업 (F) ",1.2,1.1,1.2
"보성군","도소매·음식숙박업(G,I)",3.5,3.9,3.6
"보성군","전기·운수·통신·금융(D,H,J,K)",1.1,1.0,1.1
"보성군","사업·개인·공공서비스 및 기타(E,L~U)",5.2,5.6,6.0
"화순군","계",32.6,33.4,34.7
"화순군","농업, 임업 및 어업 (A)",5.9,6.4,6.3
"화순군","광·제조업(B,C)",3.1,3.0,3.3
"화순군","건설업 (F) ",3.1,2.7,3.4
"화순군","도소매·음식숙박업(G,I)",4.2,4.2,3.6
"화순군","전기·운수·통신·금융(D,H,J,K)",1.4,1.8,2.0
"화순군","사업·개인·공공서비스 및 기타(E,L~U)",14.8,15.4,15.9
"장흥군","계",21.5,21.5,21.2
"장흥군","농업, 임업 및 어업 (A)",9.5,8.9,8.4
"장흥군","광·제조업(B,C)",0.9,1.1,1.2
"장흥군","건설업 (F) ",1.1,1.1,1.0
"장흥군","도소매·음식숙박업(G,I)",2.8,2.9,2.9
"장흥군","전기·운수·통신·금융(D,H,J,K)",0.9,0.9,1.0
"장흥군","사업·개인·공공서비스 및 기타(E,L~U)",6.4,6.6,6.7
"강진군","계",19.3,19.3,19.0
"강진군","농업, 임업 및 어업 (A)",8.2,7.5,7.2
"강진군","광·제조업(B,C)",1.2,1.1,0.9
"강진군","건설업 (F) ",1.0,1.1,1.3
"강진군","도소매·음식숙박업(G,I)",2.1,2.4,2.1
"강진군","전기·운수·통신·금융(D,H,J,K)",1.0,0.8,0.8
"강진군","사업·개인·공공서비스 및 기타(E,L~U)",5.8,6.3,6.6
"해남군","계",40.4,40.6,40.7
"해남군","농업, 임업 및 어업 (A)",20.3,20.6,20.4
"해남군","광·제조업(B,C)",1.6,1.7,1.4
"해남군","건설업 (F) ",1.8,1.8,1.7
"해남군","도소매·음식숙박업(G,I)",5.7,5.7,6.5
"해남군","전기·운수·통신·금융(D,H,J,K)",1.7,1.4,1.4
"해남군","사업·개인·공공서비스 및 기타(E,L~U)",9.2,9.3,9.2
"영암군","계",34.1,34.7,35.1
"영암군","농업, 임업 및 어업 (A)",11.1,11.4,11.9
"영암군","광·제조업(B,C)",7.6,7.4,7.6
"영암군","건설업 (F) ",1.3,1.4,1.6
"영암군","도소매·음식숙박업(G,I)",4.1,4.4,4.0
"영암군","전기·운수·통신·금융(D,H,J,K)",2.0,1.7,1.7
"영암군","사업·개인·공공서비스 및 기타(E,L~U)",8.0,8.5,8.4
"무안군","계",44.4,45.3,48.3
"무안군","농업, 임업 및 어업 (A)",14.5,14.1,15.4
"무안군","광·제조업(B,C)",5.2,5.7,6.1
"무안군","건설업 (F) ",1.0,1.5,2.0
"무안군","도소매·음식숙박업(G,I)",5.0,4.5,5.4
"무안군","전기·운수·통신·금융(D,H,J,K)",2.9,3.6,2.5
"무안군","사업·개인·공공서비스 및 기타(E,L~U)",15.8,15.9,16.9
"함평군","계",18.0,18.2,18.4
"함평군","농업, 임업 및 어업 (A)",9.9,10.0,10.1
"함평군","광·제조업(B,C)",1.2,1.2,1.1
"함평군","건설업 (F) ",0.4,0.5,0.5
"함평군","도소매·음식숙박업(G,I)",1.9,1.9,2.0
"함평군","전기·운수·통신·금융(D,H,J,K)",0.9,0.7,0.7
"함평군","사업·개인·공공서비스 및 기타(E,L~U)",3.8,3.9,4.0
"영광군","계",28.6,28.7,28.2
"영광군","농업, 임업 및 어업 (A)",10.4,10.6,9.7
"영광군","광·제조업(B,C)",2.6,2.7,3.2
"영광군","건설업 (F) ",1.5,1.5,1.3
"영광군","도소매·음식숙박업(G,I)",3.7,3.6,3.5
"영광군","전기·운수·통신·금융(D,H,J,K)",2.3,2.4,2.2
"영광군","사업·개인·공공서비스 및 기타(E,L~U)",8.1,8.0,8.3
"장성군","계",23.4,22.9,22.7
"장성군","농업, 임업 및 어업 (A)",9.2,9.1,8.5
"장성군","광·제조업(B,C)",2.8,2.4,2.3
"장성군","건설업 (F) ",1.4,1.0,1.3
"장성군","도소매·음식숙박업(G,I)",3.7,3.2,3.1
"장성군","전기·운수·통신·금융(D,H,J,K)",1.0,1.3,1.2
"장성군","사업·개인·공공서비스 및 기타(E,L~U)",5.3,6.0,6.2
"완도군","계",27.4,26.8,27.0
"완도군","농업, 임업 및 어업 (A)",13.4,12.4,12.9
"완도군","광·제조업(B,C)",0.9,0.8,0.7
"완도군","건설업 (F) ",1.3,1.2,1.1
"완도군","도소매·음식숙박업(G,I)",3.5,3.6,3.7
"완도군","전기·운수·통신·금융(D,H,J,K)",2.0,2.1,2.0
"완도군","사업·개인·공공서비스 및 기타(E,L~U)",6.4,6.8,6.7
"진도군","계",18.5,18.3,18.7
"진도군","농업, 임업 및 어업 (A)",8.3,8.2,8.3
"진도군","광·제조업(B,C)",0.5,0.5,0.4
"진도군","건설업 (F) ",0.8,0.7,0.9
"진도군","도소매·음식숙박업(G,I)",2.6,2.6,2.4
"진도군","전기·운수·통신·금융(D,H,J,K)",0.7,0.7,0.8
"진도군","사업·개인·공공서비스 및 기타(E,L~U)",5.6,5.6,6.0
"신안군","계",22.7,22.8,22.9
"신안군","농업, 임업 및 어업 (A)",15.1,15.3,14.9
"신안군","광·제조업(B,C)",1.1,0.9,1.0
"신안군","건설업 (F) ",0.6,0.5,0.6
"신안군","도소매·음식숙박업(G,I)",2.1,2.1,2.2
"신안군","전기·운수·통신·금융(D,H,J,K)",1.2,1.0,1.1
"신안군","사업·개인·공공서비스 및 기타(E,L~U)",2.8,3.0,3.0
"포항시","계",249.8,252.0,258.7
"포항시","농업, 임업 및 어업 (A)",21.9,21.1,21.3
"포항시","광·제조업(B,C)",51.5,51.4,52.5
"포항시","건설업 (F) ",16.8,17.5,17.0
"포항시","도소매·음식숙박업(G,I)",40.6,43.4,44.4
"포항시","전기·운수·통신·금융(D,H,J,K)",22.6,22.6,21.5
"포항시","사업·개인·공공서비스 및 기타(E,L~U)",96.4,95.9,101.9
"경주시","계",139.4,140.4,140.7
"경주시","농업, 임업 및 어업 (A)",20.4,19.4,19.6
"경주시","광·제조업(B,C)",27.6,26.5,26.2
"경주시","건설업 (F) ",5.7,6.4,7.0
"경주시","도소매·음식숙박업(G,I)",24.2,24.4,24.7
"경주시","전기·운수·통신·금융(D,H,J,K)",11.7,12.7,11.8
"경주시","사업·개인·공공서비스 및 기타(E,L~U)",49.8,51.0,51.2
"김천시","계",76.6,78.8,80.4
"김천시","농업, 임업 및 어업 (A)",25.6,25.4,25.2
"김천시","광·제조업(B,C)",11.6,12.2,12.6
"김천시","건설업 (F) ",3.4,3.1,3.3
"김천시","도소매·음식숙박업(G,I)",9.5,10.2,10.2
"김천시","전기·운수·통신·금융(D,H,J,K)",5.5,5.5,6.2
"김천시","사업·개인·공공서비스 및 기타(E,L~U)",21.0,22.4,23.0
"안동시","계",84.9,86.5,83.8
"안동시","농업, 임업 및 어업 (A)",21.7,23.1,21.7
"안동시","광·제조업(B,C)",5.4,5.6,5.5
"안동시","건설업 (F) ",6.4,5.8,5.9
"안동시","도소매·음식숙박업(G,I)",14.9,15.1,14.5
"안동시","전기·운수·통신·금융(D,H,J,K)",6.5,6.6,6.7
"안동시","사업·개인·공공서비스 및 기타(E,L~U)",30.1,30.3,29.5
"구미시","계",211.8,212.3,220.5
"구미시","농업, 임업 및 어업 (A)",12.2,11.9,13.3
"구미시","광·제조업(B,C)",78.2,83.0,87.4
"구미시","건설업 (F) ",11.8,12.1,12.6
"구미시","도소매·음식숙박업(G,I)",33.6,29.6,33.1
"구미시","전기·운수·통신·금융(D,H,J,K)",17.3,17.4,14.7
"구미시","사업·개인·공공서비스 및 기타(E,L~U)",58.7,58.2,59.5
"영주시","계",53.0,53.8,53.9
"영주시","농업, 임업 및 어업 (A)",11.9,12.9,13.9
"영주시","광·제조업(B,C)",6.1,5.9,5.7
"영주시","건설업 (F) ",4.3,4.1,4.2
"영주시","도소매·음식숙박업(G,I)",8.1,7.7,8.1
"영주시","전기·운수·통신·금융(D,H,J,K)",4.8,4.4,4.2
"영주시","사업·개인·공공서비스 및 기타(E,L~U)",17.9,18.9,17.9
"영천시","계",59.5,60.2,59.6
"영천시","농업, 임업 및 어업 (A)",21.4,21.8,22.2
"영천시","광·제조업(B,C)",10.3,10.3,9.8
"영천시","건설업 (F) ",3.4,3.1,3.5
"영천시","도소매·음식숙박업(G,I)",7.3,7.2,7.4
"영천시","전기·운수·통신·금융(D,H,J,K)",3.0,3.1,2.7
"영천시","사업·개인·공공서비스 및 기타(E,L~U)",14.1,14.8,14.1
"상주시","계",55.9,56.3,56.4
"상주시","농업, 임업 및 어업 (A)",24.7,24.1,23.4
"상주시","광·제조업(B,C)",4.4,5.0,4.3
"상주시","건설업 (F) ",2.4,2.8,2.9
"상주시","도소매·음식숙박업(G,I)",6.8,6.5,6.9
"상주시","전기·운수·통신·금융(D,H,J,K)",2.7,3.1,2.9
"상주시","사업·개인·공공서비스 및 기타(E,L~U)",14.9,14.9,16.0
"문경시","계",37.3,36.8,37.3
"문경시","농업, 임업 및 어업 (A)",10.4,10.4,10.5
"문경시","광·제조업(B,C)",2.9,2.6,2.9
"문경시","건설업 (F) ",2.5,2.3,2.2
"문경시","도소매·음식숙박업(G,I)",6.4,6.4,6.7
"문경시","전기·운수·통신·금융(D,H,J,K)",2.3,2.0,2.0
"문경시","사업·개인·공공서비스 및 기타(E,L~U)",12.8,13.1,13.0
"경산시","계",146.5,148.8,150.0
"경산시","농업, 임업 및 어업 (A)",19.8,20.0,19.8
"경산시","광·제조업(B,C)",31.4,31.4,31.8
"경산시","건설업 (F) ",7.9,8.4,10.4
"경산시","도소매·음식숙박업(G,I)",26.4,26.3,26.0
"경산시","전기·운수·통신·금융(D,H,J,K)",14.0,13.6,13.0
"경산시","사업·개인·공공서비스 및 기타(E,L~U)",47.0,49.2,48.9
"군위군","계",14.5,13.8,14.7
"군위군","농업, 임업 및 어업 (A)",7.1,6.7,6.9
"군위군","광·제조업(B,C)",1.4,1.3,1.4
"군위군","건설업 (F) ",0.3,0.4,0.3
"군위군","도소매·음식숙박업(G,I)",1.7,1.6,1.7
"군위군","전기·운수·통신·금융(D,H,J,K)",0.3,0.4,0.4
"군위군","사업·개인·공공서비스 및 기타(E,L~U)",3.6,3.5,4.0
"의성군","계",32.0,32.3,32.5
"의성군","농업, 임업 및 어업 (A)",18.6,18.5,18.8
"의성군","광·제조업(B,C)",1.0,0.9,0.8
"의성군","건설업 (F) ",1.6,1.5,1.2
"의성군","도소매·음식숙박업(G,I)",3.3,3.3,3.3
"의성군","전기·운수·통신·금융(D,H,J,K)",0.7,0.8,0.8
"의성군","사업·개인·공공서비스 및 기타(E,L~U)",6.9,7.3,7.6
"청송군","계",16.7,17.1,17.2
"청송군","농업, 임업 및 어업 (A)",7.7,7.6,7.6
"청송군","광·제조업(B,C)",0.4,0.4,0.4
"청송군","건설업 (F) ",0.6,0.5,0.5
"청송군","도소매·음식숙박업(G,I)",2.4,2.3,2.3
"청송군","전기·운수·통신·금융(D,H,J,K)",0.7,0.7,0.8
"청송군","사업·개인·공공서비스 및 기타(E,L~U)",5.0,5.5,5.6
"영양군","계",10.3,10.2,10.4
"영양군","농업, 임업 및 어업 (A)",4.2,4.2,4.2
"영양군","광·제조업(B,C)",0.2,0.2,0.2
"영양군","건설업 (F) ",0.6,0.6,0.6
"영양군","도소매·음식숙박업(G,I)",1.1,1.2,1.2
"영양군","전기·운수·통신·금융(D,H,J,K)",0.4,0.3,0.4
"영양군","사업·개인·공공서비스 및 기타(E,L~U)",3.8,3.7,3.9
"영덕군","계",19.5,19.5,19.3
"영덕군","농업, 임업 및 어업 (A)",7.3,7.5,7.3
"영덕군","광·제조업(B,C)",0.9,0.9,1.0
"영덕군","건설업 (F) ",1.1,1.1,1.3
"영덕군","도소매·음식숙박업(G,I)",4.3,4.2,3.9
"영덕군","전기·운수·통신·금융(D,H,J,K)",0.8,0.9,0.8
"영덕군","사업·개인·공공서비스 및 기타(E,L~U)",5.1,4.8,4.9
"청도군","계",26.1,26.5,26.7
"청도군","농업, 임업 및 어업 (A)",14.0,13.8,14.1
"청도군","광·제조업(B,C)",1.4,1.5,1.5
"청도군","건설업 (F) ",1.3,1.2,1.4
"청도군","도소매·음식숙박업(G,I)",3.0,3.1,3.0
"청도군","전기·운수·통신·금융(D,H,J,K)",1.1,1.1,1.1
"청도군","사업·개인·공공서비스 및 기타(E,L~U)",5.4,5.7,5.6
"고령군","계",18.8,18.7,18.8
"고령군","농업, 임업 및 어업 (A)",6.4,6.5,6.3
"고령군","광·제조업(B,C)",3.1,3.2,3.1
"고령군","건설업 (F) ",1.1,1.0,1.1
"고령군","도소매·음식숙박업(G,I)",3.1,3.3,3.0
"고령군","전기·운수·통신·금융(D,H,J,K)",1.0,0.8,0.8
"고령군","사업·개인·공공서비스 및 기타(E,L~U)",4.0,4.0,4.5
"성주군","계",25.0,24.7,25.1
"성주군","농업, 임업 및 어업 (A)",14.9,15.1,15.0
"성주군","광·제조업(B,C)",2.1,1.9,2.1
"성주군","건설업 (F) ",1.0,0.9,1.0
"성주군","도소매·음식숙박업(G,I)",2.9,2.7,2.8
"성주군","전기·운수·통신·금융(D,H,J,K)",0.8,0.8,0.7
"성주군","사업·개인·공공서비스 및 기타(E,L~U)",3.3,3.2,3.4
"칠곡군","계",59.4,62.1,61.6
"칠곡군","농업, 임업 및 어업 (A)",6.8,7.2,6.3
"칠곡군","광·제조업(B,C)",20.9,20.7,20.6
"칠곡군","건설업 (F) ",3.2,3.4,3.7
"칠곡군","도소매·음식숙박업(G,I)",8.4,8.8,9.0
"칠곡군","전기·운수·통신·금융(D,H,J,K)",4.7,5.9,5.9
"칠곡군","사업·개인·공공서비스 및 기타(E,L~U)",15.4,16.1,16.2
"예천군","계",32.1,32.7,33.3
"예천군","농업, 임업 및 어업 (A)",15.5,15.7,16.4
"예천군","광·제조업(B,C)",2.7,2.4,2.2
"예천군","건설업 (F) ",1.9,1.7,2.0
"예천군","도소매·음식숙박업(G,I)",3.9,4.0,3.7
"예천군","전기·운수·통신·금융(D,H,J,K)",1.2,1.1,1.3
"예천군","사업·개인·공공서비스 및 기타(E,L~U)",6.9,7.8,7.7
"봉화군","계",19.4,19.4,19.4
"봉화군","농업, 임업 및 어업 (A)",9.7,9.5,9.6
"봉화군","광·제조업(B,C)",0.7,0.6,0.6
"봉화군","건설업 (F) ",0.9,0.9,0.9
"봉화군","도소매·음식숙박업(G,I)",2.2,2.2,2.2
"봉화군","전기·운수·통신·금융(D,H,J,K)",0.7,0.7,0.6
"봉화군","사업·개인·공공서비스 및 기타(E,L~U)",5.2,5.5,5.5
"울진군","계",25.8,25.3,25.1
"울진군","농업, 임업 및 어업 (A)",5.6,5.3,5.5
"울진군","광·제조업(B,C)",1.4,1.3,1.3
"울진군","건설업 (F) ",2.0,2.0,2.3
"울진군","도소매·음식숙박업(G,I)",5.0,4.7,4.6
"울진군","전기·운수·통신·금융(D,H,J,K)",2.0,2.2,2.3
"울진군","사업·개인·공공서비스 및 기타(E,L~U)",9.9,9.7,9.1
"울릉군","계",5.6,5.6,5.9
"울릉군","농업, 임업 및 어업 (A)",0.9,0.9,0.9
"울릉군","광·제조업(B,C)",0.1,0.2,0.2
"울릉군","건설업 (F) ",0.4,0.4,0.4
"울릉군","도소매·음식숙박업(G,I)",1.2,1.2,1.3
"울릉군","전기·운수·통신·금융(D,H,J,K)",0.6,0.5,0.6
"울릉군","사업·개인·공공서비스 및 기타(E,L~U)",2.4,2.4,2.4
"진주시","계",175.7,178.2,179.4
"진주시","농업, 임업 및 어업 (A)",21.7,20.4,20.0
"진주시","광·제조업(B,C)",19.6,19.7,20.3
"진주시","건설업 (F) ",9.7,11.7,11.8
"진주시","도소매·음식숙박업(G,I)",34.5,33.6,33.2
"진주시","전기·운수·통신·금융(D,H,J,K)",17.6,17.4,16.4
"진주시","사업·개인·공공서비스 및 기타(E,L~U)",72.6,75.4,77.7
"통영시","계",60.1,60.8,61.3
"통영시","농업, 임업 및 어업 (A)",7.5,8.3,7.8
"통영시","광·제조업(B,C)",9.6,8.6,9.7
"통영시","건설업 (F) ",4.6,4.8,4.7
"통영시","도소매·음식숙박업(G,I)",12.8,13.1,15.0
"통영시","전기·운수·통신·금융(D,H,J,K)",5.4,5.7,4.6
"통영시","사업·개인·공공서비스 및 기타(E,L~U)",20.1,20.4,19.4
"사천시","계",58.4,58.9,59.9
"사천시","농업, 임업 및 어업 (A)",13.2,13.8,13.8
"사천시","광·제조업(B,C)",10.1,10.4,11.4
"사천시","건설업 (F) ",3.7,3.6,3.4
"사천시","도소매·음식숙박업(G,I)",9.9,9.8,9.8
"사천시","전기·운수·통신·금융(D,H,J,K)",4.1,4.2,4.2
"사천시","사업·개인·공공서비스 및 기타(E,L~U)",17.3,17.1,17.2
"김해시","계",277.8,273.9,281.9
"김해시","농업, 임업 및 어업 (A)",8.7,7.5,7.8
"김해시","광·제조업(B,C)",74.9,76.4,80.1
"김해시","건설업 (F) ",18.4,17.2,21.5
"김해시","도소매·음식숙박업(G,I)",57.2,55.4,57.4
"김해시","전기·운수·통신·금융(D,H,J,K)",30.0,30.2,29.7
"김해시","사업·개인·공공서비스 및 기타(E,L~U)",88.6,87.2,85.3
"밀양시","계",54.6,55.5,56.6
"밀양시","농업, 임업 및 어업 (A)",17.0,17.0,17.1
"밀양시","광·제조업(B,C)",7.2,7.6,8.5
"밀양시","건설업 (F) ",2.1,3.0,3.1
"밀양시","도소매·음식숙박업(G,I)",9.6,9.5,9.2
"밀양시","전기·운수·통신·금융(D,H,J,K)",3.4,3.4,3.7
"밀양시","사업·개인·공공서비스 및 기타(E,L~U)",15.2,15.0,15.0
"거제시","계",116.4,119.9,118.0
"거제시","농업, 임업 및 어업 (A)",6.9,8.4,7.9
"거제시","광·제조업(B,C)",53.2,52.4,50.1
"거제시","건설업 (F) ",4.9,4.9,4.6
"거제시","도소매·음식숙박업(G,I)",16.4,16.5,17.8
"거제시","전기·운수·통신·금융(D,H,J,K)",5.0,5.9,5.6
"거제시","사업·개인·공공서비스 및 기타(E,L~U)",30.1,31.8,31.9
"양산시","계",171.0,171.9,176.8
"양산시","농업, 임업 및 어업 (A)",5.4,4.8,5.3
"양산시","광·제조업(B,C)",47.6,46.0,46.2
"양산시","건설업 (F) ",13.3,14.3,15.7
"양산시","도소매·음식숙박업(G,I)",28.8,28.4,29.9
"양산시","전기·운수·통신·금융(D,H,J,K)",18.9,19.5,21.0
"양산시","사업·개인·공공서비스 및 기타(E,L~U)",56.9,58.8,58.8
"창원시","계",521.6,517.9,518.3
"창원시","농업, 임업 및 어업 (A)",12.1,9.8,11.3
"창원시","광·제조업(B,C)",151.8,152.0,154.7
"창원시","건설업 (F) ",25.3,29.9,27.3
"창원시","도소매·음식숙박업(G,I)",95.5,95.4,98.0
"창원시","전기·운수·통신·금융(D,H,J,K)",50.9,47.5,46.0
"창원시","사업·개인·공공서비스 및 기타(E,L~U)",186.0,183.3,180.9
"의령군","계",16.1,16.1,16.0
"의령군","농업, 임업 및 어업 (A)",7.2,7.3,6.7
"의령군","광·제조업(B,C)",2.0,1.7,1.5
"의령군","건설업 (F) ",0.6,0.6,0.6
"의령군","도소매·음식숙박업(G,I)",1.4,1.4,1.2
"의령군","전기·운수·통신·금융(D,H,J,K)",0.6,0.7,0.9
"의령군","사업·개인·공공서비스 및 기타(E,L~U)",4.2,4.4,4.9
"함안군","계",35.0,35.9,35.0
"함안군","농업, 임업 및 어업 (A)",8.5,8.8,8.6
"함안군","광·제조업(B,C)",8.2,8.6,7.9
"함안군","건설업 (F) ",1.6,1.5,1.7
"함안군","도소매·음식숙박업(G,I)",4.8,4.8,4.8
"함안군","전기·운수·통신·금융(D,H,J,K)",2.8,2.7,2.8
"함안군","사업·개인·공공서비스 및 기타(E,L~U)",9.0,9.4,9.3
"창녕군","계",35.7,36.1,36.5
"창녕군","농업, 임업 및 어업 (A)",13.7,13.9,14.1
"창녕군","광·제조업(B,C)",5.6,5.7,5.8
"창녕군","건설업 (F) ",0.8,1.0,0.9
"창녕군","도소매·음식숙박업(G,I)",4.1,4.7,4.7
"창녕군","전기·운수·통신·금융(D,H,J,K)",1.9,1.7,1.6
"창녕군","사업·개인·공공서비스 및 기타(E,L~U)",9.5,8.9,9.4
"고성군","계",29.4,30.0,28.8
"고성군","농업, 임업 및 어업 (A)",10.3,10.1,9.4
"고성군","광·제조업(B,C)",3.4,3.2,3.8
"고성군","건설업 (F) ",1.2,1.8,1.8
"고성군","도소매·음식숙박업(G,I)",3.7,3.9,3.7
"고성군","전기·운수·통신·금융(D,H,J,K)",1.9,1.8,1.7
"고성군","사업·개인·공공서비스 및 기타(E,L~U)",9.0,9.2,8.5
"남해군","계",25.1,25.6,25.5
"남해군","농업, 임업 및 어업 (A)",12.2,12.5,12.8
"남해군","광·제조업(B,C)",0.8,0.8,0.8
"남해군","건설업 (F) ",1.3,1.0,0.9
"남해군","도소매·음식숙박업(G,I)",3.9,4.3,4.1
"남해군","전기·운수·통신·금융(D,H,J,K)",1.1,1.2,1.0
"남해군","사업·개인·공공서비스 및 기타(E,L~U)",5.8,5.8,5.8
"하동군","계",25.3,24.9,25.4
"하동군","농업, 임업 및 어업 (A)",12.1,12.0,12.9
"하동군","광·제조업(B,C)",1.0,0.9,1.1
"하동군","건설업 (F) ",1.5,1.5,1.2
"하동군","도소매·음식숙박업(G,I)",2.9,3.0,3.2
"하동군","전기·운수·통신·금융(D,H,J,K)",1.3,1.4,1.4
"하동군","사업·개인·공공서비스 및 기타(E,L~U)",6.4,6.1,5.8
"산청군","계",22.0,22.4,22.3
"산청군","농업, 임업 및 어업 (A)",10.9,11.8,11.6
"산청군","광·제조업(B,C)",1.2,1.0,0.9
"산청군","건설업 (F) ",1.4,1.0,1.3
"산청군","도소매·음식숙박업(G,I)",2.6,2.6,2.7
"산청군","전기·운수·통신·금융(D,H,J,K)",1.0,0.9,1.1
"산청군","사업·개인·공공서비스 및 기타(E,L~U)",4.9,5.0,4.6
"함양군","계",22.8,22.6,23.0
"함양군","농업, 임업 및 어업 (A)",8.5,9.1,9.2
"함양군","광·제조업(B,C)",1.6,1.5,1.5
"함양군","건설업 (F) ",1.5,1.2,1.4
"함양군","도소매·음식숙박업(G,I)",3.3,3.5,3.3
"함양군","전기·운수·통신·금융(D,H,J,K)",1.3,1.2,1.2
"함양군","사업·개인·공공서비스 및 기타(E,L~U)",6.6,6.2,6.5
"거창군","계",34.9,35.7,34.7
"거창군","농업, 임업 및 어업 (A)",12.7,12.5,11.9
"거창군","광·제조업(B,C)",2.6,2.8,3.4
"거창군","건설업 (F) ",2.1,2.3,2.6
"거창군","도소매·음식숙박업(G,I)",4.9,5.2,5.1
"거창군","전기·운수·통신·금융(D,H,J,K)",2.0,1.7,1.6
"거창군","사업·개인·공공서비스 및 기타(E,L~U)",10.6,11.2,10.1
"합천군","계",24.7,24.6,24.4
"합천군","농업, 임업 및 어업 (A)",11.1,11.0,10.1
"합천군","광·제조업(B,C)",1.5,1.5,1.5
"합천군","건설업 (F) ",1.1,1.2,1.3
"합천군","도소매·음식숙박업(G,I)",3.5,3.3,3.3
"합천군","전기·운수·통신·금융(D,H,J,K)",0.8,0.8,0.8
"합천군","사업·개인·공공서비스 및 기타(E,L~U)",6.7,6.8,7.4
"제주시","계",272.3,273.3,275.1
"제주시","농업, 임업 및 어업 (A)",27.8,28.7,28.1
"제주시","광·제조업(B,C)",9.0,9.9,10.1
"제주시","건설업 (F) ",28.0,28.9,24.7
"제주시","도소매·음식숙박업(G,I)",64.2,62.9,63.1
"제주시","전기·운수·통신·금융(D,H,J,K)",25.7,24.8,27.8
"제주시","사업·개인·공공서비스 및 기타(E,L~U)",117.5,118.1,121.2
"서귀포시","계",108.0,109.7,109.7
"서귀포시","농업, 임업 및 어업 (A)",32.9,32.1,33.5
"서귀포시","광·제조업(B,C)",1.9,1.7,1.7
"서귀포시","건설업 (F) ",8.0,7.8,7.7
"서귀포시","도소매·음식숙박업(G,I)",24.4,25.1,25.4
"서귀포시","전기·운수·통신·금융(D,H,J,K)",6.8,7.5,7.2
"서귀포시","사업·개인·공공서비스 및 기타(E,L~U)",34.0,35.4,34.1
